algorithm,n_tasks,rep,dataset_file,makespan,degree_of_imbalance,utilization,throughput,cloudlet_success
MCT,100,1,synthetic_seed1.csv,1575.41,0.0225,0.9846,0.063476,100
FCFS,100,1,synthetic_seed1.csv,1566.73,0.0058,0.9949,0.063827,100
MINMIN,100,1,synthetic_seed1.csv,1685.95,0.5760,0.8164,0.059314,100
MCT,200,1,synthetic_seed1.csv,3383.57,0.0634,0.9727,0.059109,200
FCFS,200,1,synthetic_seed1.csv,3494.71,0.0629,0.9682,0.057229,200
MINMIN,200,1,synthetic_seed1.csv,3523.92,0.3128,0.9063,0.056755,200
MCT,300,1,synthetic_seed1.csv,4871.82,0.0327,0.9890,0.061579,300
FCFS,300,1,synthetic_seed1.csv,4870.75,0.0145,0.9941,0.061592,300
MINMIN,300,1,synthetic_seed1.csv,4930.73,0.0293,0.9781,0.060843,300
MCT,400,1,synthetic_seed1.csv,6505.90,0.0246,0.9878,0.061483,400
FCFS,400,1,synthetic_seed1.csv,6587.99,0.0297,0.9853,0.060717,400
MINMIN,400,1,synthetic_seed1.csv,6564.50,0.0682,0.9725,0.060934,400
MCT,500,1,synthetic_seed1.csv,8021.11,0.0021,0.9971,0.062336,500
FCFS,500,1,synthetic_seed1.csv,8031.71,0.0040,0.9960,0.062253,500
MINMIN,500,1,synthetic_seed1.csv,8132.24,0.0856,0.9655,0.061484,500
MCT,600,1,synthetic_seed1.csv,9686.13,0.0043,0.9957,0.061944,600
FCFS,600,1,synthetic_seed1.csv,9847.07,0.0245,0.9856,0.060932,600
MINMIN,600,1,synthetic_seed1.csv,9799.29,0.0941,0.9683,0.061229,600
MCT,700,1,synthetic_seed1.csv,11295.90,0.0171,0.9910,0.061969,700
FCFS,700,1,synthetic_seed1.csv,11401.60,0.0213,0.9868,0.061395,700
MINMIN,700,1,synthetic_seed1.csv,11336.73,0.0156,0.9914,0.061746,700
MCT,800,1,synthetic_seed1.csv,12905.97,0.0061,0.9959,0.061987,800
FCFS,800,1,synthetic_seed1.csv,12916.44,0.0056,0.9971,0.061937,800
MINMIN,800,1,synthetic_seed1.csv,13004.22,0.0292,0.9842,0.061519,800
MCT,900,1,synthetic_seed1.csv,14927.99,0.0204,0.9878,0.060289,900
FCFS,900,1,synthetic_seed1.csv,14909.98,0.0054,0.9934,0.060362,900
MINMIN,900,1,synthetic_seed1.csv,14898.97,0.0332,0.9885,0.060407,900
MCT,1000,1,synthetic_seed1.csv,16593.43,0.0126,0.9897,0.060265,1000
FCFS,1000,1,synthetic_seed1.csv,16624.83,0.0156,0.9936,0.060151,1000
MINMIN,1000,1,synthetic_seed1.csv,16583.93,0.0131,0.9929,0.060299,1000
MCT,1100,1,synthetic_seed1.csv,17996.55,0.0109,0.9911,0.061123,1100
FCFS,1100,1,synthetic_seed1.csv,18520.29,0.0421,0.9717,0.059394,1100
MINMIN,1100,1,synthetic_seed1.csv,18004.47,0.0063,0.9917,0.061096,1100
MCT,1200,1,synthetic_seed1.csv,19963.59,0.0061,0.9938,0.060109,1200
FCFS,1200,1,synthetic_seed1.csv,20076.34,0.0144,0.9915,0.059772,1200
MINMIN,1200,1,synthetic_seed1.csv,20036.33,0.0277,0.9849,0.059891,1200
MCT,1300,1,synthetic_seed1.csv,21531.27,0.0148,0.9919,0.060377,1300
FCFS,1300,1,synthetic_seed1.csv,21522.51,0.0016,0.9948,0.060402,1300
MINMIN,1300,1,synthetic_seed1.csv,21586.52,0.0282,0.9864,0.060223,1300
MCT,1400,1,synthetic_seed1.csv,23256.79,0.0059,0.9949,0.060197,1400
FCFS,1400,1,synthetic_seed1.csv,23321.53,0.0082,0.9950,0.060030,1400
MINMIN,1400,1,synthetic_seed1.csv,23354.15,0.0314,0.9862,0.059947,1400
MCT,1500,1,synthetic_seed1.csv,24867.68,0.0040,0.9963,0.060319,1500
FCFS,1500,1,synthetic_seed1.csv,24885.21,0.0026,0.9962,0.060277,1500
MINMIN,1500,1,synthetic_seed1.csv,25006.57,0.0128,0.9891,0.059984,1500
MCT,1600,1,synthetic_seed1.csv,26675.46,0.0076,0.9935,0.059980,1600
FCFS,1600,1,synthetic_seed1.csv,26699.86,0.0072,0.9947,0.059925,1600
MINMIN,1600,1,synthetic_seed1.csv,26719.74,0.0139,0.9912,0.059881,1600
MCT,1700,1,synthetic_seed1.csv,28194.40,0.0075,0.9948,0.060296,1700
FCFS,1700,1,synthetic_seed1.csv,28571.42,0.0193,0.9868,0.059500,1700
MINMIN,1700,1,synthetic_seed1.csv,28238.48,0.0233,0.9917,0.060202,1700
MCT,1800,1,synthetic_seed1.csv,29652.73,0.0007,0.9979,0.060703,1800
FCFS,1800,1,synthetic_seed1.csv,30294.79,0.0262,0.9816,0.059416,1800
MINMIN,1800,1,synthetic_seed1.csv,29774.87,0.0116,0.9939,0.060454,1800
MCT,1900,1,synthetic_seed1.csv,31481.96,0.0063,0.9954,0.060352,1900
FCFS,1900,1,synthetic_seed1.csv,31611.86,0.0100,0.9933,0.060104,1900
MINMIN,1900,1,synthetic_seed1.csv,31546.62,0.0030,0.9941,0.060228,1900
MCT,2000,1,synthetic_seed1.csv,33030.79,0.0055,0.9956,0.060550,2000
FCFS,2000,1,synthetic_seed1.csv,33064.89,0.0041,0.9962,0.060487,2000
MINMIN,2000,1,synthetic_seed1.csv,33098.52,0.0093,0.9941,0.060426,2000
MCT,2100,1,synthetic_seed1.csv,34802.96,0.0069,0.9953,0.060340,2100
FCFS,2100,1,synthetic_seed1.csv,34822.51,0.0020,0.9958,0.060306,2100
MINMIN,2100,1,synthetic_seed1.csv,34935.45,0.0186,0.9887,0.060111,2100
MCT,2200,1,synthetic_seed1.csv,36750.68,0.0019,0.9974,0.059863,2200
FCFS,2200,1,synthetic_seed1.csv,36829.82,0.0038,0.9962,0.059734,2200
MINMIN,2200,1,synthetic_seed1.csv,36813.90,0.0028,0.9968,0.059760,2200
MCT,2300,1,synthetic_seed1.csv,38277.38,0.0040,0.9968,0.060088,2300
FCFS,2300,1,synthetic_seed1.csv,38527.04,0.0106,0.9930,0.059698,2300
MINMIN,2300,1,synthetic_seed1.csv,38392.37,0.0103,0.9938,0.059908,2300
MCT,2400,1,synthetic_seed1.csv,40217.64,0.0043,0.9963,0.059675,2400
FCFS,2400,1,synthetic_seed1.csv,40358.93,0.0082,0.9943,0.059466,2400
MINMIN,2400,1,synthetic_seed1.csv,40289.84,0.0073,0.9942,0.059568,2400
MCT,2500,1,synthetic_seed1.csv,41795.34,0.0045,0.9961,0.059815,2500
FCFS,2500,1,synthetic_seed1.csv,41873.23,0.0064,0.9965,0.059704,2500
MINMIN,2500,1,synthetic_seed1.csv,41890.73,0.0147,0.9926,0.059679,2500
MCT,2600,1,synthetic_seed1.csv,43519.86,0.0054,0.9959,0.059743,2600
FCFS,2600,1,synthetic_seed1.csv,43574.28,0.0059,0.9968,0.059668,2600
MINMIN,2600,1,synthetic_seed1.csv,43674.41,0.0192,0.9900,0.059531,2600
MCT,2700,1,synthetic_seed1.csv,45321.92,0.0047,0.9952,0.059574,2700
FCFS,2700,1,synthetic_seed1.csv,45337.10,0.0033,0.9964,0.059554,2700
MINMIN,2700,1,synthetic_seed1.csv,45399.95,0.0040,0.9948,0.059471,2700
MCT,2800,1,synthetic_seed1.csv,47161.86,0.0030,0.9964,0.059370,2800
FCFS,2800,1,synthetic_seed1.csv,47203.71,0.0020,0.9966,0.059317,2800
MINMIN,2800,1,synthetic_seed1.csv,47301.18,0.0080,0.9922,0.059195,2800
MCT,2900,1,synthetic_seed1.csv,48666.39,0.0009,0.9979,0.059589,2900
FCFS,2900,1,synthetic_seed1.csv,48743.21,0.0038,0.9974,0.059495,2900
MINMIN,2900,1,synthetic_seed1.csv,48875.94,0.0132,0.9911,0.059334,2900
MCT,3000,1,synthetic_seed1.csv,50322.34,0.0028,0.9967,0.059616,3000
FCFS,3000,1,synthetic_seed1.csv,50517.15,0.0082,0.9948,0.059386,3000
MINMIN,3000,1,synthetic_seed1.csv,50408.39,0.0028,0.9961,0.059514,3000
MCT,3100,1,synthetic_seed1.csv,51970.25,0.0043,0.9960,0.059650,3100
FCFS,3100,1,synthetic_seed1.csv,52069.34,0.0043,0.9956,0.059536,3100
MINMIN,3100,1,synthetic_seed1.csv,52072.02,0.0065,0.9939,0.059533,3100
MCT,3200,1,synthetic_seed1.csv,54180.37,0.0075,0.9949,0.059062,3200
FCFS,3200,1,synthetic_seed1.csv,54617.66,0.0145,0.9912,0.058589,3200
MINMIN,3200,1,synthetic_seed1.csv,54231.66,0.0071,0.9941,0.059006,3200
MCT,3300,1,synthetic_seed1.csv,55686.71,0.0036,0.9972,0.059260,3300
FCFS,3300,1,synthetic_seed1.csv,55960.69,0.0089,0.9945,0.058970,3300
MINMIN,3300,1,synthetic_seed1.csv,55844.68,0.0104,0.9929,0.059092,3300
MCT,3400,1,synthetic_seed1.csv,57115.58,0.0014,0.9974,0.059528,3400
FCFS,3400,1,synthetic_seed1.csv,57252.98,0.0065,0.9969,0.059386,3400
MINMIN,3400,1,synthetic_seed1.csv,57285.85,0.0158,0.9924,0.059351,3400
MCT,3500,1,synthetic_seed1.csv,58975.41,0.0045,0.9959,0.059347,3500
FCFS,3500,1,synthetic_seed1.csv,59187.72,0.0090,0.9949,0.059134,3500
MINMIN,3500,1,synthetic_seed1.csv,59088.73,0.0021,0.9946,0.059233,3500
MCT,3600,1,synthetic_seed1.csv,60659.26,0.0025,0.9966,0.059348,3600
FCFS,3600,1,synthetic_seed1.csv,60753.01,0.0032,0.9957,0.059256,3600
MINMIN,3600,1,synthetic_seed1.csv,60716.40,0.0066,0.9954,0.059292,3600
MCT,3700,1,synthetic_seed1.csv,62439.98,0.0045,0.9959,0.059257,3700
FCFS,3700,1,synthetic_seed1.csv,62464.35,0.0027,0.9968,0.059234,3700
MINMIN,3700,1,synthetic_seed1.csv,62597.09,0.0087,0.9924,0.059108,3700
MCT,3800,1,synthetic_seed1.csv,63946.76,0.0052,0.9967,0.059424,3800
FCFS,3800,1,synthetic_seed1.csv,64063.34,0.0055,0.9967,0.059316,3800
MINMIN,3800,1,synthetic_seed1.csv,64053.17,0.0017,0.9961,0.059326,3800
MCT,3900,1,synthetic_seed1.csv,65761.26,0.0043,0.9959,0.059305,3900
FCFS,3900,1,synthetic_seed1.csv,65863.05,0.0057,0.9967,0.059214,3900
MINMIN,3900,1,synthetic_seed1.csv,65821.00,0.0048,0.9950,0.059252,3900
MCT,4000,1,synthetic_seed1.csv,67366.61,0.0029,0.9973,0.059377,4000
FCFS,4000,1,synthetic_seed1.csv,67781.00,0.0103,0.9938,0.059014,4000
MINMIN,4000,1,synthetic_seed1.csv,67511.31,0.0056,0.9945,0.059249,4000
MCT,4100,1,synthetic_seed1.csv,68755.87,0.0025,0.9975,0.059631,4100
FCFS,4100,1,synthetic_seed1.csv,68863.95,0.0041,0.9973,0.059538,4100
MINMIN,4100,1,synthetic_seed1.csv,68934.06,0.0094,0.9941,0.059477,4100
MCT,4200,1,synthetic_seed1.csv,70405.53,0.0004,0.9980,0.059654,4200
FCFS,4200,1,synthetic_seed1.csv,70553.02,0.0009,0.9961,0.059530,4200
MINMIN,4200,1,synthetic_seed1.csv,70634.88,0.0141,0.9925,0.059461,4200
MCT,4300,1,synthetic_seed1.csv,72037.60,0.0009,0.9980,0.059691,4300
FCFS,4300,1,synthetic_seed1.csv,72203.31,0.0009,0.9960,0.059554,4300
MINMIN,4300,1,synthetic_seed1.csv,72262.45,0.0016,0.9948,0.059505,4300
MCT,4400,1,synthetic_seed1.csv,73622.00,0.0019,0.9974,0.059765,4400
FCFS,4400,1,synthetic_seed1.csv,73760.15,0.0007,0.9960,0.059653,4400
MINMIN,4400,1,synthetic_seed1.csv,73859.06,0.0054,0.9937,0.059573,4400
MCT,4500,1,synthetic_seed1.csv,75223.31,0.0024,0.9972,0.059822,4500
FCFS,4500,1,synthetic_seed1.csv,75289.08,0.0035,0.9977,0.059770,4500
MINMIN,4500,1,synthetic_seed1.csv,75458.67,0.0089,0.9927,0.059635,4500
MCT,4600,1,synthetic_seed1.csv,77239.13,0.0037,0.9961,0.059555,4600
FCFS,4600,1,synthetic_seed1.csv,77304.11,0.0026,0.9962,0.059505,4600
MINMIN,4600,1,synthetic_seed1.csv,77316.03,0.0011,0.9961,0.059496,4600
MCT,4700,1,synthetic_seed1.csv,78693.86,0.0031,0.9973,0.059725,4700
FCFS,4700,1,synthetic_seed1.csv,78834.81,0.0019,0.9965,0.059618,4700
MINMIN,4700,1,synthetic_seed1.csv,78867.91,0.0049,0.9952,0.059593,4700
MCT,4800,1,synthetic_seed1.csv,80567.80,0.0012,0.9975,0.059577,4800
FCFS,4800,1,synthetic_seed1.csv,80746.36,0.0017,0.9956,0.059445,4800
MINMIN,4800,1,synthetic_seed1.csv,80859.71,0.0062,0.9930,0.059362,4800
MCT,4900,1,synthetic_seed1.csv,82288.07,0.0024,0.9966,0.059547,4900
FCFS,4900,1,synthetic_seed1.csv,82585.50,0.0081,0.9949,0.059332,4900
MINMIN,4900,1,synthetic_seed1.csv,82423.72,0.0089,0.9942,0.059449,4900
MCT,5000,1,synthetic_seed1.csv,84058.10,0.0035,0.9965,0.059483,5000
FCFS,5000,1,synthetic_seed1.csv,84185.31,0.0054,0.9966,0.059393,5000
MINMIN,5000,1,synthetic_seed1.csv,84223.93,0.0027,0.9952,0.059366,5000
MCT,5100,1,synthetic_seed1.csv,85332.87,0.0011,0.9978,0.059766,5100
FCFS,5100,1,synthetic_seed1.csv,85930.45,0.0105,0.9932,0.059350,5100
MINMIN,5100,1,synthetic_seed1.csv,85585.75,0.0021,0.9952,0.059589,5100
MCT,5200,1,synthetic_seed1.csv,87308.84,0.0035,0.9966,0.059559,5200
FCFS,5200,1,synthetic_seed1.csv,87455.42,0.0017,0.9955,0.059459,5200
MINMIN,5200,1,synthetic_seed1.csv,87521.08,0.0040,0.9940,0.059414,5200
MCT,5300,1,synthetic_seed1.csv,89252.38,0.0014,0.9978,0.059382,5300
FCFS,5300,1,synthetic_seed1.csv,89433.01,0.0010,0.9960,0.059262,5300
MINMIN,5300,1,synthetic_seed1.csv,89540.37,0.0074,0.9933,0.059191,5300
MCT,5400,1,synthetic_seed1.csv,90804.07,0.0013,0.9978,0.059469,5400
FCFS,5400,1,synthetic_seed1.csv,91006.09,0.0019,0.9963,0.059337,5400
MINMIN,5400,1,synthetic_seed1.csv,91029.33,0.0100,0.9939,0.059322,5400
MCT,5500,1,synthetic_seed1.csv,92401.99,0.0008,0.9978,0.059523,5500
FCFS,5500,1,synthetic_seed1.csv,92559.96,0.0024,0.9968,0.059421,5500
MINMIN,5500,1,synthetic_seed1.csv,92596.41,0.0028,0.9953,0.059398,5500
MCT,5600,1,synthetic_seed1.csv,93986.23,0.0005,0.9982,0.059583,5600
FCFS,5600,1,synthetic_seed1.csv,94178.06,0.0026,0.9965,0.059462,5600
MINMIN,5600,1,synthetic_seed1.csv,94238.27,0.0041,0.9948,0.059424,5600
MCT,5700,1,synthetic_seed1.csv,95803.10,0.0015,0.9976,0.059497,5700
FCFS,5700,1,synthetic_seed1.csv,95994.54,0.0022,0.9960,0.059378,5700
MINMIN,5700,1,synthetic_seed1.csv,96019.93,0.0058,0.9944,0.059363,5700
MCT,5800,1,synthetic_seed1.csv,97474.18,0.0017,0.9975,0.059503,5800
FCFS,5800,1,synthetic_seed1.csv,97660.20,0.0028,0.9961,0.059390,5800
MINMIN,5800,1,synthetic_seed1.csv,97745.71,0.0029,0.9950,0.059338,5800
MCT,5900,1,synthetic_seed1.csv,98931.35,0.0019,0.9975,0.059637,5900
FCFS,5900,1,synthetic_seed1.csv,99129.67,0.0012,0.9959,0.059518,5900
MINMIN,5900,1,synthetic_seed1.csv,99179.76,0.0014,0.9951,0.059488,5900
MCT,6000,1,synthetic_seed1.csv,100541.76,0.0003,0.9981,0.059677,6000
FCFS,6000,1,synthetic_seed1.csv,100742.10,0.0019,0.9965,0.059558,6000
MINMIN,6000,1,synthetic_seed1.csv,100850.84,0.0045,0.9944,0.059494,6000
MCT,6100,1,synthetic_seed1.csv,102092.59,0.0006,0.9978,0.059750,6100
FCFS,6100,1,synthetic_seed1.csv,102315.94,0.0001,0.9958,0.059619,6100
MINMIN,6100,1,synthetic_seed1.csv,102424.23,0.0071,0.9931,0.059556,6100
MCT,6200,1,synthetic_seed1.csv,103570.56,0.0009,0.9979,0.059863,6200
FCFS,6200,1,synthetic_seed1.csv,103981.35,0.0073,0.9953,0.059626,6200
MINMIN,6200,1,synthetic_seed1.csv,103908.60,0.0075,0.9932,0.059668,6200
MCT,6300,1,synthetic_seed1.csv,105458.79,0.0016,0.9977,0.059739,6300
FCFS,6300,1,synthetic_seed1.csv,105683.86,0.0008,0.9960,0.059612,6300
MINMIN,6300,1,synthetic_seed1.csv,105713.76,0.0026,0.9953,0.059595,6300
MCT,6400,1,synthetic_seed1.csv,107070.51,0.0016,0.9974,0.059774,6400
FCFS,6400,1,synthetic_seed1.csv,107258.47,0.0014,0.9961,0.059669,6400
MINMIN,6400,1,synthetic_seed1.csv,107305.84,0.0037,0.9948,0.059643,6400
MCT,6500,1,synthetic_seed1.csv,108832.72,0.0014,0.9974,0.059725,6500
FCFS,6500,1,synthetic_seed1.csv,109086.06,0.0006,0.9953,0.059586,6500
MINMIN,6500,1,synthetic_seed1.csv,109082.74,0.0059,0.9945,0.059588,6500
MCT,6600,1,synthetic_seed1.csv,110631.75,0.0013,0.9978,0.059657,6600
FCFS,6600,1,synthetic_seed1.csv,110843.06,0.0034,0.9968,0.059544,6600
MINMIN,6600,1,synthetic_seed1.csv,111051.85,0.0091,0.9924,0.059432,6600
MCT,6700,1,synthetic_seed1.csv,112156.66,0.0023,0.9969,0.059738,6700
FCFS,6700,1,synthetic_seed1.csv,112378.74,0.0008,0.9953,0.059620,6700
MINMIN,6700,1,synthetic_seed1.csv,112418.10,0.0013,0.9950,0.059599,6700
MCT,6800,1,synthetic_seed1.csv,113933.90,0.0007,0.9979,0.059684,6800
FCFS,6800,1,synthetic_seed1.csv,114193.15,0.0005,0.9959,0.059548,6800
MINMIN,6800,1,synthetic_seed1.csv,114161.99,0.0033,0.9956,0.059564,6800
MCT,6900,1,synthetic_seed1.csv,115398.58,0.0017,0.9976,0.059793,6900
FCFS,6900,1,synthetic_seed1.csv,115623.37,0.0007,0.9961,0.059677,6900
MINMIN,6900,1,synthetic_seed1.csv,115767.38,0.0073,0.9931,0.059602,6900
MCT,7000,1,synthetic_seed1.csv,116979.06,0.0021,0.9971,0.059840,7000
FCFS,7000,1,synthetic_seed1.csv,117236.32,0.0010,0.9954,0.059708,7000
MINMIN,7000,1,synthetic_seed1.csv,117297.06,0.0081,0.9933,0.059678,7000
MCT,7100,1,synthetic_seed1.csv,118734.11,0.0005,0.9980,0.059797,7100
FCFS,7100,1,synthetic_seed1.csv,118974.09,0.0015,0.9963,0.059677,7100
MINMIN,7100,1,synthetic_seed1.csv,119028.84,0.0031,0.9951,0.059649,7100
MCT,7200,1,synthetic_seed1.csv,120497.09,0.0006,0.9979,0.059752,7200
FCFS,7200,1,synthetic_seed1.csv,120742.79,0.0030,0.9965,0.059631,7200
MINMIN,7200,1,synthetic_seed1.csv,120774.02,0.0032,0.9951,0.059615,7200
MCT,7300,1,synthetic_seed1.csv,122193.48,0.0001,0.9982,0.059741,7300
FCFS,7300,1,synthetic_seed1.csv,122467.91,0.0012,0.9961,0.059607,7300
MINMIN,7300,1,synthetic_seed1.csv,122519.05,0.0046,0.9947,0.059583,7300
MCT,7400,1,synthetic_seed1.csv,123842.98,0.0008,0.9979,0.059753,7400
FCFS,7400,1,synthetic_seed1.csv,124102.91,0.0053,0.9970,0.059628,7400
MINMIN,7400,1,synthetic_seed1.csv,124190.16,0.0078,0.9940,0.059586,7400
MCT,7500,1,synthetic_seed1.csv,125337.29,0.0010,0.9979,0.059839,7500
FCFS,7500,1,synthetic_seed1.csv,125572.38,0.0018,0.9964,0.059727,7500
MINMIN,7500,1,synthetic_seed1.csv,125581.91,0.0010,0.9962,0.059722,7500
MCT,7600,1,synthetic_seed1.csv,126804.48,0.0006,0.9979,0.059935,7600
FCFS,7600,1,synthetic_seed1.csv,127052.61,0.0019,0.9962,0.059818,7600
MINMIN,7600,1,synthetic_seed1.csv,127174.29,0.0038,0.9945,0.059761,7600
MCT,7700,1,synthetic_seed1.csv,128395.76,0.0016,0.9975,0.059971,7700
FCFS,7700,1,synthetic_seed1.csv,128653.69,0.0026,0.9963,0.059851,7700
MINMIN,7700,1,synthetic_seed1.csv,128791.27,0.0055,0.9937,0.059787,7700
MCT,7800,1,synthetic_seed1.csv,129874.52,0.0013,0.9978,0.060058,7800
FCFS,7800,1,synthetic_seed1.csv,130165.81,0.0010,0.9960,0.059924,7800
MINMIN,7800,1,synthetic_seed1.csv,130283.27,0.0065,0.9937,0.059870,7800
MCT,7900,1,synthetic_seed1.csv,131598.71,0.0014,0.9978,0.060031,7900
FCFS,7900,1,synthetic_seed1.csv,131875.71,0.0016,0.9964,0.059905,7900
MINMIN,7900,1,synthetic_seed1.csv,131918.31,0.0014,0.9958,0.059886,7900
MCT,8000,1,synthetic_seed1.csv,133285.78,0.0008,0.9979,0.060021,8000
FCFS,8000,1,synthetic_seed1.csv,133601.80,0.0008,0.9957,0.059879,8000
MINMIN,8000,1,synthetic_seed1.csv,133575.54,0.0028,0.9954,0.059891,8000
MCT,8100,1,synthetic_seed1.csv,134788.49,0.0008,0.9978,0.060094,8100
FCFS,8100,1,synthetic_seed1.csv,135068.82,0.0009,0.9961,0.059969,8100
MINMIN,8100,1,synthetic_seed1.csv,135131.06,0.0031,0.9949,0.059942,8100
MCT,8200,1,synthetic_seed1.csv,136456.81,0.0002,0.9980,0.060092,8200
FCFS,8200,1,synthetic_seed1.csv,136779.36,0.0007,0.9957,0.059951,8200
MINMIN,8200,1,synthetic_seed1.csv,136808.06,0.0067,0.9942,0.059938,8200
MCT,8300,1,synthetic_seed1.csv,138097.96,0.0004,0.9980,0.060102,8300
FCFS,8300,1,synthetic_seed1.csv,138413.30,0.0005,0.9959,0.059965,8300
MINMIN,8300,1,synthetic_seed1.csv,138465.27,0.0008,0.9955,0.059943,8300
MCT,8400,1,synthetic_seed1.csv,139763.69,0.0014,0.9974,0.060101,8400
FCFS,8400,1,synthetic_seed1.csv,140038.80,0.0021,0.9960,0.059983,8400
MINMIN,8400,1,synthetic_seed1.csv,140033.16,0.0034,0.9954,0.059986,8400
MCT,8500,1,synthetic_seed1.csv,141577.11,0.0011,0.9978,0.060038,8500
FCFS,8500,1,synthetic_seed1.csv,141910.73,0.0015,0.9959,0.059897,8500
MINMIN,8500,1,synthetic_seed1.csv,141985.95,0.0040,0.9943,0.059865,8500
MCT,8600,1,synthetic_seed1.csv,143238.41,0.0006,0.9978,0.060040,8600
FCFS,8600,1,synthetic_seed1.csv,143539.46,0.0003,0.9959,0.059914,8600
MINMIN,8600,1,synthetic_seed1.csv,143564.19,0.0054,0.9948,0.059904,8600
MCT,8700,1,synthetic_seed1.csv,144767.35,0.0006,0.9980,0.060096,8700
FCFS,8700,1,synthetic_seed1.csv,145077.17,0.0012,0.9962,0.059968,8700
MINMIN,8700,1,synthetic_seed1.csv,145124.38,0.0028,0.9953,0.059949,8700
MCT,8800,1,synthetic_seed1.csv,146625.44,0.0015,0.9977,0.060017,8800
FCFS,8800,1,synthetic_seed1.csv,146900.29,0.0012,0.9962,0.059905,8800
MINMIN,8800,1,synthetic_seed1.csv,146972.57,0.0027,0.9950,0.059875,8800
MCT,8900,1,synthetic_seed1.csv,148481.41,0.0013,0.9977,0.059940,8900
FCFS,8900,1,synthetic_seed1.csv,148799.28,0.0003,0.9958,0.059812,8900
MINMIN,8900,1,synthetic_seed1.csv,148848.48,0.0044,0.9947,0.059792,8900
MCT,9000,1,synthetic_seed1.csv,150098.43,0.0005,0.9982,0.059961,9000
FCFS,9000,1,synthetic_seed1.csv,150416.27,0.0025,0.9966,0.059834,9000
MINMIN,9000,1,synthetic_seed1.csv,150514.66,0.0062,0.9942,0.059795,9000
MCT,9100,1,synthetic_seed1.csv,151891.83,0.0005,0.9979,0.059911,9100
FCFS,9100,1,synthetic_seed1.csv,152202.66,0.0012,0.9963,0.059789,9100
MINMIN,9100,1,synthetic_seed1.csv,152291.74,0.0009,0.9954,0.059754,9100
MCT,9200,1,synthetic_seed1.csv,153575.59,0.0008,0.9979,0.059905,9200
FCFS,9200,1,synthetic_seed1.csv,153872.80,0.0023,0.9966,0.059790,9200
MINMIN,9200,1,synthetic_seed1.csv,153886.85,0.0019,0.9959,0.059784,9200
MCT,9300,1,synthetic_seed1.csv,155201.13,0.0009,0.9980,0.059922,9300
FCFS,9300,1,synthetic_seed1.csv,155563.81,0.0002,0.9958,0.059783,9300
MINMIN,9300,1,synthetic_seed1.csv,155676.38,0.0038,0.9942,0.059739,9300
MCT,9400,1,synthetic_seed1.csv,156931.34,0.0006,0.9980,0.059899,9400
FCFS,9400,1,synthetic_seed1.csv,157287.49,0.0010,0.9961,0.059763,9400
MINMIN,9400,1,synthetic_seed1.csv,157306.89,0.0007,0.9958,0.059756,9400
MCT,9500,1,synthetic_seed1.csv,158483.29,0.0018,0.9975,0.059943,9500
FCFS,9500,1,synthetic_seed1.csv,158809.26,0.0005,0.9959,0.059820,9500
MINMIN,9500,1,synthetic_seed1.csv,158823.00,0.0024,0.9955,0.059815,9500
MCT,9600,1,synthetic_seed1.csv,159929.34,0.0008,0.9980,0.060027,9600
FCFS,9600,1,synthetic_seed1.csv,160282.23,0.0008,0.9961,0.059894,9600
MINMIN,9600,1,synthetic_seed1.csv,160328.31,0.0028,0.9950,0.059877,9600
MCT,9700,1,synthetic_seed1.csv,161294.31,0.0003,0.9981,0.060139,9700
FCFS,9700,1,synthetic_seed1.csv,161690.29,0.0002,0.9957,0.059991,9700
MINMIN,9700,1,synthetic_seed1.csv,161706.73,0.0026,0.9951,0.059985,9700
MCT,9800,1,synthetic_seed1.csv,162982.09,0.0004,0.9980,0.060129,9800
FCFS,9800,1,synthetic_seed1.csv,163331.08,0.0014,0.9963,0.060001,9800
MINMIN,9800,1,synthetic_seed1.csv,163438.84,0.0019,0.9952,0.059961,9800
MCT,9900,1,synthetic_seed1.csv,164767.12,0.0017,0.9976,0.060085,9900
FCFS,9900,1,synthetic_seed1.csv,165126.72,0.0007,0.9957,0.059954,9900
MINMIN,9900,1,synthetic_seed1.csv,165207.11,0.0013,0.9951,0.059925,9900
MCT,10000,1,synthetic_seed1.csv,166122.23,0.0006,0.9979,0.060197,10000
FCFS,10000,1,synthetic_seed1.csv,166494.87,0.0007,0.9959,0.060062,10000
MINMIN,10000,1,synthetic_seed1.csv,166459.37,0.0021,0.9958,0.060075,10000
MCT,100,2,synthetic_seed2.csv,1572.29,0.1008,0.9413,0.063602,100
FCFS,100,2,synthetic_seed2.csv,1695.90,0.1511,0.9123,0.058966,100
MINMIN,100,2,synthetic_seed2.csv,1595.86,0.3915,0.8903,0.062662,100
MCT,200,2,synthetic_seed2.csv,3303.77,0.0975,0.9502,0.060537,200
FCFS,200,2,synthetic_seed2.csv,3302.08,0.0503,0.9733,0.060568,200
MINMIN,200,2,synthetic_seed2.csv,3309.65,0.0901,0.9649,0.060429,200
MCT,300,2,synthetic_seed2.csv,4740.48,0.0251,0.9896,0.063285,300
FCFS,300,2,synthetic_seed2.csv,4880.15,0.0444,0.9739,0.061474,300
MINMIN,300,2,synthetic_seed2.csv,4841.14,0.2174,0.9337,0.061969,300
MCT,400,2,synthetic_seed2.csv,6512.59,0.0514,0.9785,0.061419,400
FCFS,400,2,synthetic_seed2.csv,7103.07,0.1124,0.9293,0.056314,400
MINMIN,400,2,synthetic_seed2.csv,6570.81,0.0706,0.9633,0.060875,400
MCT,500,2,synthetic_seed2.csv,8423.51,0.0215,0.9914,0.059358,500
FCFS,500,2,synthetic_seed2.csv,8590.48,0.0321,0.9808,0.058204,500
MINMIN,500,2,synthetic_seed2.csv,8519.32,0.0843,0.9676,0.058690,500
MCT,600,2,synthetic_seed2.csv,10148.91,0.0185,0.9884,0.059120,600
FCFS,600,2,synthetic_seed2.csv,10169.49,0.0148,0.9926,0.059000,600
MINMIN,600,2,synthetic_seed2.csv,10202.29,0.0800,0.9748,0.058810,600
MCT,700,2,synthetic_seed2.csv,12045.55,0.0255,0.9869,0.058113,700
FCFS,700,2,synthetic_seed2.csv,12030.49,0.0064,0.9923,0.058186,700
MINMIN,700,2,synthetic_seed2.csv,12053.41,0.0178,0.9892,0.058075,700
MCT,800,2,synthetic_seed2.csv,13867.76,0.0117,0.9947,0.057688,800
FCFS,800,2,synthetic_seed2.csv,14287.29,0.0369,0.9743,0.055994,800
MINMIN,800,2,synthetic_seed2.csv,13965.25,0.0389,0.9838,0.057285,800
MCT,900,2,synthetic_seed2.csv,15851.25,0.0145,0.9907,0.056778,900
FCFS,900,2,synthetic_seed2.csv,16553.54,0.0555,0.9619,0.054369,900
MINMIN,900,2,synthetic_seed2.csv,15881.74,0.0403,0.9858,0.056669,900
MCT,1000,2,synthetic_seed2.csv,17623.06,0.0048,0.9956,0.056744,1000
FCFS,1000,2,synthetic_seed2.csv,17807.90,0.0167,0.9889,0.056155,1000
MINMIN,1000,2,synthetic_seed2.csv,17709.21,0.0156,0.9900,0.056468,1000
MCT,1100,2,synthetic_seed2.csv,19221.24,0.0065,0.9964,0.057228,1100
FCFS,1100,2,synthetic_seed2.csv,19259.42,0.0036,0.9954,0.057115,1100
MINMIN,1100,2,synthetic_seed2.csv,19322.62,0.0095,0.9905,0.056928,1100
MCT,1200,2,synthetic_seed2.csv,20994.47,0.0067,0.9953,0.057158,1200
FCFS,1200,2,synthetic_seed2.csv,21132.97,0.0135,0.9926,0.056783,1200
MINMIN,1200,2,synthetic_seed2.csv,21078.34,0.0166,0.9888,0.056930,1200
MCT,1300,2,synthetic_seed2.csv,22642.71,0.0146,0.9907,0.057414,1300
FCFS,1300,2,synthetic_seed2.csv,22635.53,0.0049,0.9935,0.057432,1300
MINMIN,1300,2,synthetic_seed2.csv,22724.18,0.0333,0.9840,0.057208,1300
MCT,1400,2,synthetic_seed2.csv,24408.94,0.0070,0.9946,0.057356,1400
FCFS,1400,2,synthetic_seed2.csv,24679.57,0.0182,0.9881,0.056727,1400
MINMIN,1400,2,synthetic_seed2.csv,24522.57,0.0348,0.9855,0.057090,1400
MCT,1500,2,synthetic_seed2.csv,25852.11,0.0040,0.9962,0.058022,1500
FCFS,1500,2,synthetic_seed2.csv,26250.64,0.0211,0.9857,0.057141,1500
MINMIN,1500,2,synthetic_seed2.csv,25928.86,0.0106,0.9938,0.057851,1500
MCT,1600,2,synthetic_seed2.csv,27447.28,0.0060,0.9952,0.058294,1600
FCFS,1600,2,synthetic_seed2.csv,27522.40,0.0095,0.9952,0.058134,1600
MINMIN,1600,2,synthetic_seed2.csv,27495.59,0.0102,0.9927,0.058191,1600
MCT,1700,2,synthetic_seed2.csv,29470.01,0.0044,0.9959,0.057686,1700
FCFS,1700,2,synthetic_seed2.csv,29535.24,0.0068,0.9959,0.057558,1700
MINMIN,1700,2,synthetic_seed2.csv,29545.30,0.0226,0.9902,0.057539,1700
MCT,1800,2,synthetic_seed2.csv,30937.98,0.0032,0.9967,0.058181,1800
FCFS,1800,2,synthetic_seed2.csv,31014.21,0.0067,0.9958,0.058038,1800
MINMIN,1800,2,synthetic_seed2.csv,31082.71,0.0307,0.9867,0.057910,1800
MCT,1900,2,synthetic_seed2.csv,32602.95,0.0050,0.9968,0.058277,1900
FCFS,1900,2,synthetic_seed2.csv,32736.30,0.0088,0.9948,0.058040,1900
MINMIN,1900,2,synthetic_seed2.csv,32696.44,0.0037,0.9939,0.058110,1900
MCT,2000,2,synthetic_seed2.csv,34402.06,0.0046,0.9961,0.058136,2000
FCFS,2000,2,synthetic_seed2.csv,34511.31,0.0082,0.9951,0.057952,2000
MINMIN,2000,2,synthetic_seed2.csv,34528.53,0.0158,0.9896,0.057923,2000
MCT,2100,2,synthetic_seed2.csv,36302.52,0.0032,0.9967,0.057847,2100
FCFS,2100,2,synthetic_seed2.csv,36318.53,0.0036,0.9977,0.057822,2100
MINMIN,2100,2,synthetic_seed2.csv,36472.80,0.0213,0.9883,0.057577,2100
MCT,2200,2,synthetic_seed2.csv,37771.16,0.0055,0.9953,0.058246,2200
FCFS,2200,2,synthetic_seed2.csv,38158.80,0.0174,0.9899,0.057654,2200
MINMIN,2200,2,synthetic_seed2.csv,37934.12,0.0261,0.9874,0.057995,2200
MCT,2300,2,synthetic_seed2.csv,39453.18,0.0009,0.9980,0.058297,2300
FCFS,2300,2,synthetic_seed2.csv,39526.04,0.0035,0.9969,0.058189,2300
MINMIN,2300,2,synthetic_seed2.csv,39540.31,0.0048,0.9967,0.058168,2300
MCT,2400,2,synthetic_seed2.csv,40950.73,0.0039,0.9963,0.058607,2400
FCFS,2400,2,synthetic_seed2.csv,41011.28,0.0009,0.9956,0.058520,2400
MINMIN,2400,2,synthetic_seed2.csv,41041.65,0.0076,0.9933,0.058477,2400
MCT,2500,2,synthetic_seed2.csv,42385.68,0.0013,0.9976,0.058982,2500
FCFS,2500,2,synthetic_seed2.csv,42473.11,0.0044,0.9965,0.058861,2500
MINMIN,2500,2,synthetic_seed2.csv,42515.97,0.0111,0.9927,0.058801,2500
MCT,2600,2,synthetic_seed2.csv,44109.20,0.0039,0.9966,0.058945,2600
FCFS,2600,2,synthetic_seed2.csv,44173.59,0.0029,0.9963,0.058859,2600
MINMIN,2600,2,synthetic_seed2.csv,44220.33,0.0176,0.9923,0.058796,2600
MCT,2700,2,synthetic_seed2.csv,45725.97,0.0034,0.9969,0.059047,2700
FCFS,2700,2,synthetic_seed2.csv,45809.94,0.0007,0.9959,0.058939,2700
MINMIN,2700,2,synthetic_seed2.csv,45866.99,0.0033,0.9939,0.058866,2700
MCT,2800,2,synthetic_seed2.csv,47284.50,0.0033,0.9970,0.059216,2800
FCFS,2800,2,synthetic_seed2.csv,47330.69,0.0033,0.9970,0.059158,2800
MINMIN,2800,2,synthetic_seed2.csv,47368.72,0.0081,0.9950,0.059111,2800
MCT,2900,2,synthetic_seed2.csv,48834.29,0.0034,0.9965,0.059385,2900
FCFS,2900,2,synthetic_seed2.csv,48871.88,0.0045,0.9969,0.059339,2900
MINMIN,2900,2,synthetic_seed2.csv,48990.62,0.0101,0.9918,0.059195,2900
MCT,3000,2,synthetic_seed2.csv,50252.40,0.0027,0.9973,0.059699,3000
FCFS,3000,2,synthetic_seed2.csv,50344.37,0.0021,0.9965,0.059590,3000
MINMIN,3000,2,synthetic_seed2.csv,50452.85,0.0156,0.9909,0.059461,3000
MCT,3100,2,synthetic_seed2.csv,51902.06,0.0012,0.9977,0.059728,3100
FCFS,3100,2,synthetic_seed2.csv,51965.42,0.0037,0.9972,0.059655,3100
MINMIN,3100,2,synthetic_seed2.csv,52128.48,0.0069,0.9920,0.059468,3100
MCT,3200,2,synthetic_seed2.csv,53636.65,0.0013,0.9973,0.059661,3200
FCFS,3200,2,synthetic_seed2.csv,53718.54,0.0034,0.9968,0.059570,3200
MINMIN,3200,2,synthetic_seed2.csv,53751.34,0.0078,0.9941,0.059533,3200
MCT,3300,2,synthetic_seed2.csv,55427.80,0.0018,0.9971,0.059537,3300
FCFS,3300,2,synthetic_seed2.csv,55568.95,0.0066,0.9965,0.059386,3300
MINMIN,3300,2,synthetic_seed2.csv,55532.64,0.0081,0.9943,0.059425,3300
MCT,3400,2,synthetic_seed2.csv,56876.08,0.0011,0.9975,0.059779,3400
FCFS,3400,2,synthetic_seed2.csv,57001.66,0.0007,0.9955,0.059647,3400
MINMIN,3400,2,synthetic_seed2.csv,57054.23,0.0173,0.9920,0.059592,3400
MCT,3500,2,synthetic_seed2.csv,58447.93,0.0012,0.9980,0.059882,3500
FCFS,3500,2,synthetic_seed2.csv,58589.49,0.0010,0.9959,0.059738,3500
MINMIN,3500,2,synthetic_seed2.csv,58647.40,0.0024,0.9947,0.059679,3500
MCT,3600,2,synthetic_seed2.csv,60228.57,0.0032,0.9971,0.059772,3600
FCFS,3600,2,synthetic_seed2.csv,60325.19,0.0013,0.9964,0.059677,3600
MINMIN,3600,2,synthetic_seed2.csv,60323.44,0.0073,0.9952,0.059678,3600
MCT,3700,2,synthetic_seed2.csv,62075.06,0.0017,0.9976,0.059605,3700
FCFS,3700,2,synthetic_seed2.csv,62147.60,0.0019,0.9970,0.059536,3700
MINMIN,3700,2,synthetic_seed2.csv,62303.46,0.0128,0.9915,0.059387,3700
MCT,3800,2,synthetic_seed2.csv,63712.50,0.0026,0.9969,0.059643,3800
FCFS,3800,2,synthetic_seed2.csv,63824.93,0.0045,0.9963,0.059538,3800
MINMIN,3800,2,synthetic_seed2.csv,63928.32,0.0132,0.9916,0.059442,3800
MCT,3900,2,synthetic_seed2.csv,65136.92,0.0004,0.9982,0.059874,3900
FCFS,3900,2,synthetic_seed2.csv,65278.24,0.0041,0.9968,0.059744,3900
MINMIN,3900,2,synthetic_seed2.csv,65408.08,0.0054,0.9934,0.059626,3900
MCT,4000,2,synthetic_seed2.csv,66887.84,0.0008,0.9977,0.059802,4000
FCFS,4000,2,synthetic_seed2.csv,67021.52,0.0003,0.9959,0.059682,4000
MINMIN,4000,2,synthetic_seed2.csv,67043.02,0.0039,0.9947,0.059663,4000
MCT,4100,2,synthetic_seed2.csv,68354.49,0.0020,0.9970,0.059981,4100
FCFS,4100,2,synthetic_seed2.csv,68421.52,0.0040,0.9970,0.059923,4100
MINMIN,4100,2,synthetic_seed2.csv,68509.21,0.0092,0.9934,0.059846,4100
MCT,4200,2,synthetic_seed2.csv,69819.93,0.0020,0.9973,0.060155,4200
FCFS,4200,2,synthetic_seed2.csv,69965.82,0.0018,0.9955,0.060029,4200
MINMIN,4200,2,synthetic_seed2.csv,69994.23,0.0048,0.9951,0.060005,4200
MCT,4300,2,synthetic_seed2.csv,71409.52,0.0027,0.9968,0.060216,4300
FCFS,4300,2,synthetic_seed2.csv,71479.24,0.0032,0.9966,0.060157,4300
MINMIN,4300,2,synthetic_seed2.csv,71591.74,0.0023,0.9942,0.060063,4300
MCT,4400,2,synthetic_seed2.csv,73230.46,0.0017,0.9973,0.060084,4400
FCFS,4400,2,synthetic_seed2.csv,73368.69,0.0025,0.9961,0.059971,4400
MINMIN,4400,2,synthetic_seed2.csv,73319.81,0.0023,0.9963,0.060011,4400
MCT,4500,2,synthetic_seed2.csv,74762.47,0.0019,0.9974,0.060191,4500
FCFS,4500,2,synthetic_seed2.csv,74892.19,0.0010,0.9963,0.060086,4500
MINMIN,4500,2,synthetic_seed2.csv,75032.79,0.0098,0.9922,0.059974,4500
MCT,4600,2,synthetic_seed2.csv,76232.80,0.0013,0.9975,0.060341,4600
FCFS,4600,2,synthetic_seed2.csv,76400.80,0.0005,0.9956,0.060209,4600
MINMIN,4600,2,synthetic_seed2.csv,76504.15,0.0125,0.9920,0.060127,4600
MCT,4700,2,synthetic_seed2.csv,77759.39,0.0011,0.9977,0.060443,4700
FCFS,4700,2,synthetic_seed2.csv,77913.01,0.0043,0.9968,0.060324,4700
MINMIN,4700,2,synthetic_seed2.csv,77941.33,0.0050,0.9955,0.060302,4700
MCT,4800,2,synthetic_seed2.csv,79650.60,0.0028,0.9966,0.060263,4800
FCFS,4800,2,synthetic_seed2.csv,79778.09,0.0066,0.9965,0.060167,4800
MINMIN,4800,2,synthetic_seed2.csv,79773.96,0.0030,0.9952,0.060170,4800
MCT,4900,2,synthetic_seed2.csv,81358.22,0.0007,0.9980,0.060227,4900
FCFS,4900,2,synthetic_seed2.csv,81539.46,0.0011,0.9961,0.060094,4900
MINMIN,4900,2,synthetic_seed2.csv,81606.77,0.0075,0.9938,0.060044,4900
MCT,5000,2,synthetic_seed2.csv,83144.73,0.0018,0.9975,0.060136,5000
FCFS,5000,2,synthetic_seed2.csv,83290.49,0.0049,0.9970,0.060031,5000
MINMIN,5000,2,synthetic_seed2.csv,83372.46,0.0108,0.9936,0.059972,5000
MCT,5100,2,synthetic_seed2.csv,84750.17,0.0011,0.9978,0.060177,5100
FCFS,5100,2,synthetic_seed2.csv,84904.44,0.0044,0.9970,0.060068,5100
MINMIN,5100,2,synthetic_seed2.csv,85020.17,0.0023,0.9943,0.059986,5100
MCT,5200,2,synthetic_seed2.csv,86664.11,0.0023,0.9970,0.060002,5200
FCFS,5200,2,synthetic_seed2.csv,86802.24,0.0023,0.9963,0.059906,5200
MINMIN,5200,2,synthetic_seed2.csv,86888.37,0.0035,0.9941,0.059847,5200
MCT,5300,2,synthetic_seed2.csv,88377.54,0.0011,0.9977,0.059970,5300
FCFS,5300,2,synthetic_seed2.csv,88564.67,0.0011,0.9960,0.059843,5300
MINMIN,5300,2,synthetic_seed2.csv,88657.68,0.0062,0.9934,0.059780,5300
MCT,5400,2,synthetic_seed2.csv,89924.88,0.0014,0.9976,0.060050,5400
FCFS,5400,2,synthetic_seed2.csv,90116.18,0.0017,0.9960,0.059923,5400
MINMIN,5400,2,synthetic_seed2.csv,90248.98,0.0093,0.9925,0.059834,5400
MCT,5500,2,synthetic_seed2.csv,91377.55,0.0006,0.9980,0.060190,5500
FCFS,5500,2,synthetic_seed2.csv,91537.83,0.0034,0.9971,0.060084,5500
MINMIN,5500,2,synthetic_seed2.csv,91607.70,0.0020,0.9957,0.060039,5500
MCT,5600,2,synthetic_seed2.csv,93192.49,0.0026,0.9971,0.060091,5600
FCFS,5600,2,synthetic_seed2.csv,93294.83,0.0055,0.9978,0.060025,5600
MINMIN,5600,2,synthetic_seed2.csv,93375.54,0.0052,0.9947,0.059973,5600
MCT,5700,2,synthetic_seed2.csv,94452.55,0.0010,0.9977,0.060348,5700
FCFS,5700,2,synthetic_seed2.csv,94822.06,0.0072,0.9953,0.060113,5700
MINMIN,5700,2,synthetic_seed2.csv,94696.83,0.0064,0.9942,0.060192,5700
MCT,5800,2,synthetic_seed2.csv,96019.01,0.0011,0.9978,0.060405,5800
FCFS,5800,2,synthetic_seed2.csv,96186.04,0.0012,0.9963,0.060300,5800
MINMIN,5800,2,synthetic_seed2.csv,96307.04,0.0037,0.9949,0.060224,5800
MCT,5900,2,synthetic_seed2.csv,97740.67,0.0022,0.9973,0.060364,5900
FCFS,5900,2,synthetic_seed2.csv,98105.35,0.0075,0.9956,0.060139,5900
MINMIN,5900,2,synthetic_seed2.csv,97976.34,0.0011,0.9952,0.060219,5900
MCT,6000,2,synthetic_seed2.csv,99434.43,0.0009,0.9977,0.060341,6000
FCFS,6000,2,synthetic_seed2.csv,99643.29,0.0024,0.9962,0.060215,6000
MINMIN,6000,2,synthetic_seed2.csv,99697.65,0.0036,0.9944,0.060182,6000
MCT,6100,2,synthetic_seed2.csv,101118.16,0.0011,0.9978,0.060325,6100
FCFS,6100,2,synthetic_seed2.csv,101337.28,0.0019,0.9962,0.060195,6100
MINMIN,6100,2,synthetic_seed2.csv,101449.00,0.0056,0.9935,0.060129,6100
MCT,6200,2,synthetic_seed2.csv,102620.59,0.0007,0.9980,0.060417,6200
FCFS,6200,2,synthetic_seed2.csv,102838.27,0.0051,0.9969,0.060289,6200
MINMIN,6200,2,synthetic_seed2.csv,102971.69,0.0078,0.9932,0.060211,6200
MCT,6300,2,synthetic_seed2.csv,104231.20,0.0004,0.9982,0.060443,6300
FCFS,6300,2,synthetic_seed2.csv,104483.76,0.0013,0.9960,0.060296,6300
MINMIN,6300,2,synthetic_seed2.csv,104613.93,0.0035,0.9939,0.060221,6300
MCT,6400,2,synthetic_seed2.csv,106029.98,0.0022,0.9972,0.060360,6400
FCFS,6400,2,synthetic_seed2.csv,106457.04,0.0078,0.9950,0.060118,6400
MINMIN,6400,2,synthetic_seed2.csv,106215.15,0.0034,0.9953,0.060255,6400
MCT,6500,2,synthetic_seed2.csv,107630.79,0.0012,0.9975,0.060392,6500
FCFS,6500,2,synthetic_seed2.csv,107875.42,0.0005,0.9954,0.060255,6500
MINMIN,6500,2,synthetic_seed2.csv,107889.21,0.0043,0.9945,0.060247,6500
MCT,6600,2,synthetic_seed2.csv,109320.90,0.0017,0.9976,0.060373,6600
FCFS,6600,2,synthetic_seed2.csv,109517.59,0.0013,0.9961,0.060264,6600
MINMIN,6600,2,synthetic_seed2.csv,109695.08,0.0079,0.9927,0.060167,6600
MCT,6700,2,synthetic_seed2.csv,111008.29,0.0013,0.9975,0.060356,6700
FCFS,6700,2,synthetic_seed2.csv,111412.48,0.0072,0.9954,0.060137,6700
MINMIN,6700,2,synthetic_seed2.csv,111300.05,0.0019,0.9948,0.060198,6700
MCT,6800,2,synthetic_seed2.csv,112815.35,0.0010,0.9980,0.060275,6800
FCFS,6800,2,synthetic_seed2.csv,113049.59,0.0024,0.9966,0.060151,6800
MINMIN,6800,2,synthetic_seed2.csv,113038.80,0.0026,0.9959,0.060156,6800
MCT,6900,2,synthetic_seed2.csv,114180.76,0.0005,0.9979,0.060430,6900
FCFS,6900,2,synthetic_seed2.csv,114429.20,0.0006,0.9959,0.060299,6900
MINMIN,6900,2,synthetic_seed2.csv,114508.34,0.0055,0.9939,0.060258,6900
MCT,7000,2,synthetic_seed2.csv,115714.24,0.0006,0.9978,0.060494,7000
FCFS,7000,2,synthetic_seed2.csv,115965.51,0.0024,0.9961,0.060363,7000
MINMIN,7000,2,synthetic_seed2.csv,116080.93,0.0079,0.9933,0.060303,7000
MCT,7100,2,synthetic_seed2.csv,117583.67,0.0025,0.9970,0.060383,7100
FCFS,7100,2,synthetic_seed2.csv,117720.93,0.0027,0.9969,0.060312,7100
MINMIN,7100,2,synthetic_seed2.csv,117944.21,0.0032,0.9940,0.060198,7100
MCT,7200,2,synthetic_seed2.csv,119110.36,0.0007,0.9978,0.060448,7200
FCFS,7200,2,synthetic_seed2.csv,119361.14,0.0026,0.9963,0.060321,7200
MINMIN,7200,2,synthetic_seed2.csv,119374.11,0.0021,0.9954,0.060315,7200
MCT,7300,2,synthetic_seed2.csv,120806.61,0.0005,0.9979,0.060427,7300
FCFS,7300,2,synthetic_seed2.csv,121060.62,0.0016,0.9962,0.060300,7300
MINMIN,7300,2,synthetic_seed2.csv,121130.45,0.0054,0.9943,0.060266,7300
MCT,7400,2,synthetic_seed2.csv,122233.45,0.0015,0.9974,0.060540,7400
FCFS,7400,2,synthetic_seed2.csv,122447.94,0.0011,0.9961,0.060434,7400
MINMIN,7400,2,synthetic_seed2.csv,122569.95,0.0076,0.9934,0.060374,7400
MCT,7500,2,synthetic_seed2.csv,124048.16,0.0024,0.9973,0.060460,7500
FCFS,7500,2,synthetic_seed2.csv,124239.73,0.0029,0.9964,0.060367,7500
MINMIN,7500,2,synthetic_seed2.csv,124347.88,0.0012,0.9951,0.060315,7500
MCT,7600,2,synthetic_seed2.csv,125476.85,0.0007,0.9977,0.060569,7600
FCFS,7600,2,synthetic_seed2.csv,125761.85,0.0007,0.9957,0.060432,7600
MINMIN,7600,2,synthetic_seed2.csv,125836.13,0.0029,0.9942,0.060396,7600
MCT,7700,2,synthetic_seed2.csv,127203.68,0.0008,0.9979,0.060533,7700
FCFS,7700,2,synthetic_seed2.csv,127469.70,0.0008,0.9962,0.060407,7700
MINMIN,7700,2,synthetic_seed2.csv,127627.09,0.0046,0.9937,0.060332,7700
MCT,7800,2,synthetic_seed2.csv,128923.58,0.0011,0.9977,0.060501,7800
FCFS,7800,2,synthetic_seed2.csv,129194.74,0.0045,0.9967,0.060374,7800
MINMIN,7800,2,synthetic_seed2.csv,129233.74,0.0010,0.9957,0.060356,7800
MCT,7900,2,synthetic_seed2.csv,130816.36,0.0021,0.9972,0.060390,7900
FCFS,7900,2,synthetic_seed2.csv,131084.86,0.0021,0.9959,0.060266,7900
MINMIN,7900,2,synthetic_seed2.csv,131078.48,0.0030,0.9953,0.060269,7900
MCT,8000,2,synthetic_seed2.csv,132723.17,0.0009,0.9978,0.060276,8000
FCFS,8000,2,synthetic_seed2.csv,132970.35,0.0014,0.9964,0.060164,8000
MINMIN,8000,2,synthetic_seed2.csv,133029.23,0.0031,0.9950,0.060137,8000
MCT,8100,2,synthetic_seed2.csv,134249.96,0.0003,0.9980,0.060335,8100
FCFS,8100,2,synthetic_seed2.csv,134500.80,0.0023,0.9967,0.060223,8100
MINMIN,8100,2,synthetic_seed2.csv,134602.30,0.0036,0.9947,0.060177,8100
MCT,8200,2,synthetic_seed2.csv,135797.21,0.0011,0.9974,0.060384,8200
FCFS,8200,2,synthetic_seed2.csv,136079.91,0.0010,0.9956,0.060259,8200
MINMIN,8200,2,synthetic_seed2.csv,136094.07,0.0017,0.9955,0.060252,8200
MCT,8300,2,synthetic_seed2.csv,137770.83,0.0010,0.9978,0.060245,8300
FCFS,8300,2,synthetic_seed2.csv,138070.26,0.0011,0.9960,0.060114,8300
MINMIN,8300,2,synthetic_seed2.csv,138144.72,0.0008,0.9951,0.060082,8300
MCT,8400,2,synthetic_seed2.csv,139767.42,0.0007,0.9980,0.060100,8400
FCFS,8400,2,synthetic_seed2.csv,140063.43,0.0013,0.9962,0.059973,8400
MINMIN,8400,2,synthetic_seed2.csv,140072.70,0.0025,0.9957,0.059969,8400
MCT,8500,2,synthetic_seed2.csv,141540.38,0.0018,0.9974,0.060054,8500
FCFS,8500,2,synthetic_seed2.csv,141946.06,0.0065,0.9961,0.059882,8500
MINMIN,8500,2,synthetic_seed2.csv,141956.68,0.0045,0.9939,0.059877,8500
MCT,8600,2,synthetic_seed2.csv,143129.93,0.0007,0.9979,0.060085,8600
FCFS,8600,2,synthetic_seed2.csv,143432.21,0.0009,0.9960,0.059959,8600
MINMIN,8600,2,synthetic_seed2.csv,143570.75,0.0058,0.9938,0.059901,8600
MCT,8700,2,synthetic_seed2.csv,144868.37,0.0003,0.9980,0.060055,8700
FCFS,8700,2,synthetic_seed2.csv,145199.50,0.0010,0.9959,0.059918,8700
MINMIN,8700,2,synthetic_seed2.csv,145207.66,0.0027,0.9955,0.059914,8700
MCT,8800,2,synthetic_seed2.csv,146656.80,0.0021,0.9972,0.060004,8800
FCFS,8800,2,synthetic_seed2.csv,146873.49,0.0011,0.9962,0.059916,8800
MINMIN,8800,2,synthetic_seed2.csv,146971.26,0.0016,0.9952,0.059876,8800
MCT,8900,2,synthetic_seed2.csv,148119.07,0.0013,0.9979,0.060087,8900
FCFS,8900,2,synthetic_seed2.csv,148422.99,0.0020,0.9963,0.059964,8900
MINMIN,8900,2,synthetic_seed2.csv,148529.81,0.0040,0.9947,0.059921,8900
MCT,9000,2,synthetic_seed2.csv,149644.96,0.0006,0.9978,0.060142,9000
FCFS,9000,2,synthetic_seed2.csv,149974.89,0.0011,0.9958,0.060010,9000
MINMIN,9000,2,synthetic_seed2.csv,150138.98,0.0066,0.9932,0.059944,9000
MCT,9100,2,synthetic_seed2.csv,151339.80,0.0018,0.9973,0.060130,9100
FCFS,9100,2,synthetic_seed2.csv,151562.10,0.0024,0.9968,0.060041,9100
MINMIN,9100,2,synthetic_seed2.csv,151594.78,0.0010,0.9959,0.060028,9100
MCT,9200,2,synthetic_seed2.csv,152749.20,0.0009,0.9976,0.060229,9200
FCFS,9200,2,synthetic_seed2.csv,153092.73,0.0006,0.9955,0.060094,9200
MINMIN,9200,2,synthetic_seed2.csv,153155.76,0.0027,0.9947,0.060070,9200
MCT,9300,2,synthetic_seed2.csv,154416.91,0.0003,0.9981,0.060227,9300
FCFS,9300,2,synthetic_seed2.csv,154706.89,0.0048,0.9971,0.060114,9300
MINMIN,9300,2,synthetic_seed2.csv,154850.44,0.0052,0.9942,0.060058,9300
MCT,9400,2,synthetic_seed2.csv,156248.70,0.0018,0.9977,0.060161,9400
FCFS,9400,2,synthetic_seed2.csv,156601.47,0.0008,0.9958,0.060025,9400
MINMIN,9400,2,synthetic_seed2.csv,156582.18,0.0052,0.9950,0.060032,9400
MCT,9500,2,synthetic_seed2.csv,158259.53,0.0003,0.9982,0.060028,9500
FCFS,9500,2,synthetic_seed2.csv,158610.69,0.0016,0.9964,0.059895,9500
MINMIN,9500,2,synthetic_seed2.csv,158651.75,0.0023,0.9956,0.059880,9500
MCT,9600,2,synthetic_seed2.csv,160129.80,0.0004,0.9981,0.059951,9600
FCFS,9600,2,synthetic_seed2.csv,160486.31,0.0009,0.9961,0.059818,9600
MINMIN,9600,2,synthetic_seed2.csv,160547.41,0.0024,0.9950,0.059795,9600
MCT,9700,2,synthetic_seed2.csv,162082.10,0.0011,0.9974,0.059846,9700
FCFS,9700,2,synthetic_seed2.csv,162289.72,0.0029,0.9969,0.059770,9700
MINMIN,9700,2,synthetic_seed2.csv,162403.64,0.0033,0.9951,0.059728,9700
MCT,9800,2,synthetic_seed2.csv,163663.85,0.0007,0.9979,0.059879,9800
FCFS,9800,2,synthetic_seed2.csv,164023.74,0.0006,0.9959,0.059747,9800
MINMIN,9800,2,synthetic_seed2.csv,164075.95,0.0058,0.9946,0.059728,9800
MCT,9900,2,synthetic_seed2.csv,164995.31,0.0004,0.9981,0.060002,9900
FCFS,9900,2,synthetic_seed2.csv,165344.10,0.0007,0.9961,0.059875,9900
MINMIN,9900,2,synthetic_seed2.csv,165461.80,0.0014,0.9950,0.059833,9900
MCT,10000,2,synthetic_seed2.csv,166401.98,0.0006,0.9981,0.060095,10000
FCFS,10000,2,synthetic_seed2.csv,166790.77,0.0004,0.9959,0.059955,10000
MINMIN,10000,2,synthetic_seed2.csv,166901.56,0.0029,0.9944,0.059916,10000
MCT,100,3,synthetic_seed3.csv,1486.03,0.0237,0.9865,0.067293,100
FCFS,100,3,synthetic_seed3.csv,1807.36,0.2391,0.8543,0.055329,100
MINMIN,100,3,synthetic_seed3.csv,1564.43,0.5188,0.8612,0.063921,100
MCT,200,3,synthetic_seed3.csv,3311.39,0.0484,0.9684,0.060398,200
FCFS,200,3,synthetic_seed3.csv,3474.80,0.0885,0.9491,0.057557,200
MINMIN,200,3,synthetic_seed3.csv,3321.15,0.2702,0.9298,0.060220,200
MCT,300,3,synthetic_seed3.csv,4957.00,0.0399,0.9816,0.060520,300
FCFS,300,3,synthetic_seed3.csv,4954.17,0.0132,0.9930,0.060555,300
MINMIN,300,3,synthetic_seed3.csv,5041.72,0.2036,0.9393,0.059504,300
MCT,400,3,synthetic_seed3.csv,6751.05,0.0315,0.9838,0.059250,400
FCFS,400,3,synthetic_seed3.csv,7114.99,0.0719,0.9530,0.056219,400
MINMIN,400,3,synthetic_seed3.csv,6798.99,0.0519,0.9724,0.058832,400
MCT,500,3,synthetic_seed3.csv,8463.71,0.0233,0.9881,0.059076,500
FCFS,500,3,synthetic_seed3.csv,8538.01,0.0232,0.9887,0.058562,500
MINMIN,500,3,synthetic_seed3.csv,8507.56,0.0725,0.9730,0.058771,500
MCT,600,3,synthetic_seed3.csv,10465.45,0.0103,0.9935,0.057332,600
FCFS,600,3,synthetic_seed3.csv,10947.80,0.0589,0.9611,0.054806,600
MINMIN,600,3,synthetic_seed3.csv,10558.19,0.0876,0.9709,0.056828,600
MCT,700,3,synthetic_seed3.csv,12170.90,0.0069,0.9946,0.057514,700
FCFS,700,3,synthetic_seed3.csv,12164.21,0.0062,0.9944,0.057546,700
MINMIN,700,3,synthetic_seed3.csv,12250.93,0.0250,0.9846,0.057139,700
MCT,800,3,synthetic_seed3.csv,13815.48,0.0085,0.9937,0.057906,800
FCFS,800,3,synthetic_seed3.csv,13921.84,0.0145,0.9905,0.057464,800
MINMIN,800,3,synthetic_seed3.csv,13881.21,0.0266,0.9856,0.057632,800
MCT,900,3,synthetic_seed3.csv,15558.74,0.0066,0.9945,0.057845,900
FCFS,900,3,synthetic_seed3.csv,15720.29,0.0185,0.9880,0.057251,900
MINMIN,900,3,synthetic_seed3.csv,15610.72,0.0358,0.9866,0.057653,900
MCT,1000,3,synthetic_seed3.csv,16955.02,0.0029,0.9972,0.058980,1000
FCFS,1000,3,synthetic_seed3.csv,16991.75,0.0057,0.9967,0.058852,1000
MINMIN,1000,3,synthetic_seed3.csv,17025.99,0.0177,0.9931,0.058734,1000
MCT,1100,3,synthetic_seed3.csv,18846.28,0.0058,0.9956,0.058367,1100
FCFS,1100,3,synthetic_seed3.csv,19012.14,0.0155,0.9911,0.057858,1100
MINMIN,1100,3,synthetic_seed3.csv,18925.60,0.0106,0.9930,0.058122,1100
MCT,1200,3,synthetic_seed3.csv,20505.73,0.0026,0.9972,0.058520,1200
FCFS,1200,3,synthetic_seed3.csv,20531.82,0.0060,0.9969,0.058446,1200
MINMIN,1200,3,synthetic_seed3.csv,20624.87,0.0277,0.9870,0.058182,1200
MCT,1300,3,synthetic_seed3.csv,22272.43,0.0077,0.9938,0.058368,1300
FCFS,1300,3,synthetic_seed3.csv,22347.55,0.0119,0.9935,0.058172,1300
MINMIN,1300,3,synthetic_seed3.csv,22360.92,0.0313,0.9850,0.058137,1300
MCT,1400,3,synthetic_seed3.csv,23756.03,0.0063,0.9958,0.058932,1400
FCFS,1400,3,synthetic_seed3.csv,23848.62,0.0109,0.9945,0.058704,1400
MINMIN,1400,3,synthetic_seed3.csv,23876.60,0.0357,0.9846,0.058635,1400
MCT,1500,3,synthetic_seed3.csv,25351.75,0.0045,0.9963,0.059168,1500
FCFS,1500,3,synthetic_seed3.csv,25615.41,0.0161,0.9898,0.058559,1500
MINMIN,1500,3,synthetic_seed3.csv,25443.63,0.0121,0.9925,0.058954,1500
MCT,1600,3,synthetic_seed3.csv,26740.37,0.0079,0.9938,0.059835,1600
FCFS,1600,3,synthetic_seed3.csv,26845.40,0.0099,0.9931,0.059601,1600
MINMIN,1600,3,synthetic_seed3.csv,26758.43,0.0083,0.9931,0.059794,1600
MCT,1700,3,synthetic_seed3.csv,28220.65,0.0044,0.9963,0.060240,1700
FCFS,1700,3,synthetic_seed3.csv,28799.73,0.0266,0.9816,0.059028,1700
MINMIN,1700,3,synthetic_seed3.csv,28289.79,0.0293,0.9894,0.060092,1700
MCT,1800,3,synthetic_seed3.csv,29782.76,0.0098,0.9924,0.060438,1800
FCFS,1800,3,synthetic_seed3.csv,29793.56,0.0053,0.9942,0.060416,1800
MINMIN,1800,3,synthetic_seed3.csv,29813.83,0.0303,0.9893,0.060375,1800
MCT,1900,3,synthetic_seed3.csv,31268.03,0.0037,0.9972,0.060765,1900
FCFS,1900,3,synthetic_seed3.csv,31700.97,0.0193,0.9882,0.059935,1900
MINMIN,1900,3,synthetic_seed3.csv,31387.91,0.0047,0.9938,0.060533,1900
MCT,2000,3,synthetic_seed3.csv,32888.23,0.0030,0.9972,0.060812,2000
FCFS,2000,3,synthetic_seed3.csv,33021.79,0.0077,0.9951,0.060566,2000
MINMIN,2000,3,synthetic_seed3.csv,33058.11,0.0112,0.9901,0.060500,2000
MCT,2100,3,synthetic_seed3.csv,34439.92,0.0085,0.9932,0.060976,2100
FCFS,2100,3,synthetic_seed3.csv,34448.69,0.0064,0.9959,0.060960,2100
MINMIN,2100,3,synthetic_seed3.csv,34516.09,0.0227,0.9883,0.060841,2100
MCT,2200,3,synthetic_seed3.csv,36249.23,0.0041,0.9960,0.060691,2200
FCFS,2200,3,synthetic_seed3.csv,36264.61,0.0021,0.9968,0.060665,2200
MINMIN,2200,3,synthetic_seed3.csv,36403.08,0.0270,0.9878,0.060434,2200
MCT,2300,3,synthetic_seed3.csv,37995.17,0.0085,0.9932,0.060534,2300
FCFS,2300,3,synthetic_seed3.csv,38055.36,0.0087,0.9950,0.060438,2300
MINMIN,2300,3,synthetic_seed3.csv,37992.94,0.0065,0.9951,0.060538,2300
MCT,2400,3,synthetic_seed3.csv,39773.82,0.0059,0.9962,0.060341,2400
FCFS,2400,3,synthetic_seed3.csv,39929.26,0.0097,0.9950,0.060106,2400
MINMIN,2400,3,synthetic_seed3.csv,39819.99,0.0064,0.9947,0.060271,2400
MCT,2500,3,synthetic_seed3.csv,41565.33,0.0069,0.9960,0.060146,2500
FCFS,2500,3,synthetic_seed3.csv,41609.75,0.0022,0.9965,0.060082,2500
MINMIN,2500,3,synthetic_seed3.csv,41631.85,0.0145,0.9932,0.060050,2500
MCT,2600,3,synthetic_seed3.csv,43386.21,0.0027,0.9968,0.059927,2600
FCFS,2600,3,synthetic_seed3.csv,43429.71,0.0016,0.9966,0.059867,2600
MINMIN,2600,3,synthetic_seed3.csv,43632.23,0.0216,0.9872,0.059589,2600
MCT,2700,3,synthetic_seed3.csv,44731.05,0.0036,0.9959,0.060361,2700
FCFS,2700,3,synthetic_seed3.csv,44894.09,0.0079,0.9940,0.060142,2700
MINMIN,2700,3,synthetic_seed3.csv,44830.72,0.0046,0.9936,0.060227,2700
MCT,2800,3,synthetic_seed3.csv,46279.71,0.0017,0.9973,0.060502,2800
FCFS,2800,3,synthetic_seed3.csv,46527.15,0.0091,0.9940,0.060180,2800
MINMIN,2800,3,synthetic_seed3.csv,46442.85,0.0078,0.9921,0.060289,2800
MCT,2900,3,synthetic_seed3.csv,47778.50,0.0022,0.9972,0.060697,2900
FCFS,2900,3,synthetic_seed3.csv,47897.62,0.0017,0.9949,0.060546,2900
MINMIN,2900,3,synthetic_seed3.csv,47988.36,0.0156,0.9901,0.060431,2900
MCT,3000,3,synthetic_seed3.csv,49313.03,0.0013,0.9977,0.060836,3000
FCFS,3000,3,synthetic_seed3.csv,49421.63,0.0011,0.9960,0.060702,3000
MINMIN,3000,3,synthetic_seed3.csv,49544.40,0.0190,0.9897,0.060552,3000
MCT,3100,3,synthetic_seed3.csv,50982.30,0.0023,0.9972,0.060805,3100
FCFS,3100,3,synthetic_seed3.csv,51071.16,0.0045,0.9964,0.060700,3100
MINMIN,3100,3,synthetic_seed3.csv,51088.35,0.0054,0.9955,0.060679,3100
MCT,3200,3,synthetic_seed3.csv,52927.28,0.0050,0.9964,0.060460,3200
FCFS,3200,3,synthetic_seed3.csv,52982.21,0.0026,0.9966,0.060398,3200
MINMIN,3200,3,synthetic_seed3.csv,53054.17,0.0082,0.9935,0.060316,3200
MCT,3300,3,synthetic_seed3.csv,54447.03,0.0024,0.9968,0.060609,3300
FCFS,3300,3,synthetic_seed3.csv,54532.77,0.0050,0.9963,0.060514,3300
MINMIN,3300,3,synthetic_seed3.csv,54558.04,0.0107,0.9933,0.060486,3300
MCT,3400,3,synthetic_seed3.csv,56219.88,0.0022,0.9971,0.060477,3400
FCFS,3400,3,synthetic_seed3.csv,56333.60,0.0037,0.9959,0.060355,3400
MINMIN,3400,3,synthetic_seed3.csv,56372.85,0.0064,0.9949,0.060313,3400
MCT,3500,3,synthetic_seed3.csv,57724.14,0.0033,0.9960,0.060633,3500
FCFS,3500,3,synthetic_seed3.csv,57788.80,0.0030,0.9956,0.060565,3500
MINMIN,3500,3,synthetic_seed3.csv,57826.91,0.0017,0.9948,0.060525,3500
MCT,3600,3,synthetic_seed3.csv,59246.14,0.0011,0.9974,0.060763,3600
FCFS,3600,3,synthetic_seed3.csv,59350.39,0.0015,0.9962,0.060657,3600
MINMIN,3600,3,synthetic_seed3.csv,59430.79,0.0055,0.9934,0.060575,3600
MCT,3700,3,synthetic_seed3.csv,61190.29,0.0039,0.9960,0.060467,3700
FCFS,3700,3,synthetic_seed3.csv,61404.46,0.0090,0.9949,0.060256,3700
MINMIN,3700,3,synthetic_seed3.csv,61317.70,0.0085,0.9929,0.060341,3700
MCT,3800,3,synthetic_seed3.csv,62754.25,0.0022,0.9974,0.060554,3800
FCFS,3800,3,synthetic_seed3.csv,62838.99,0.0049,0.9975,0.060472,3800
MINMIN,3800,3,synthetic_seed3.csv,63023.82,0.0160,0.9905,0.060295,3800
MCT,3900,3,synthetic_seed3.csv,64467.62,0.0027,0.9970,0.060495,3900
FCFS,3900,3,synthetic_seed3.csv,64532.03,0.0032,0.9970,0.060435,3900
MINMIN,3900,3,synthetic_seed3.csv,64579.11,0.0025,0.9959,0.060391,3900
MCT,4000,3,synthetic_seed3.csv,66230.51,0.0010,0.9978,0.060395,4000
FCFS,4000,3,synthetic_seed3.csv,66336.45,0.0020,0.9966,0.060299,4000
MINMIN,4000,3,synthetic_seed3.csv,66385.53,0.0055,0.9946,0.060254,4000
MCT,4100,3,synthetic_seed3.csv,67845.53,0.0026,0.9970,0.060431,4100
FCFS,4100,3,synthetic_seed3.csv,67963.31,0.0027,0.9962,0.060327,4100
MINMIN,4100,3,synthetic_seed3.csv,67981.12,0.0118,0.9937,0.060311,4100
MCT,4200,3,synthetic_seed3.csv,69492.27,0.0009,0.9979,0.060438,4200
FCFS,4200,3,synthetic_seed3.csv,69634.09,0.0014,0.9963,0.060315,4200
MINMIN,4200,3,synthetic_seed3.csv,69724.89,0.0046,0.9945,0.060237,4200
MCT,4300,3,synthetic_seed3.csv,71267.13,0.0036,0.9968,0.060336,4300
FCFS,4300,3,synthetic_seed3.csv,71385.65,0.0004,0.9957,0.060236,4300
MINMIN,4300,3,synthetic_seed3.csv,71467.11,0.0024,0.9941,0.060168,4300
MCT,4400,3,synthetic_seed3.csv,73223.73,0.0009,0.9980,0.060090,4400
FCFS,4400,3,synthetic_seed3.csv,73376.51,0.0028,0.9966,0.059965,4400
MINMIN,4400,3,synthetic_seed3.csv,73485.37,0.0063,0.9930,0.059876,4400
MCT,4500,3,synthetic_seed3.csv,74710.48,0.0027,0.9972,0.060233,4500
FCFS,4500,3,synthetic_seed3.csv,74832.74,0.0016,0.9961,0.060134,4500
MINMIN,4500,3,synthetic_seed3.csv,74964.81,0.0080,0.9926,0.060028,4500
MCT,4600,3,synthetic_seed3.csv,76379.98,0.0009,0.9977,0.060225,4600
FCFS,4600,3,synthetic_seed3.csv,76528.11,0.0007,0.9960,0.060109,4600
MINMIN,4600,3,synthetic_seed3.csv,76681.04,0.0129,0.9915,0.059989,4600
MCT,4700,3,synthetic_seed3.csv,78124.61,0.0019,0.9974,0.060160,4700
FCFS,4700,3,synthetic_seed3.csv,78241.59,0.0034,0.9969,0.060070,4700
MINMIN,4700,3,synthetic_seed3.csv,78411.59,0.0045,0.9931,0.059940,4700
MCT,4800,3,synthetic_seed3.csv,80220.91,0.0019,0.9973,0.059835,4800
FCFS,4800,3,synthetic_seed3.csv,80361.32,0.0017,0.9963,0.059730,4800
MINMIN,4800,3,synthetic_seed3.csv,80366.24,0.0046,0.9952,0.059727,4800
MCT,4900,3,synthetic_seed3.csv,81828.79,0.0007,0.9980,0.059881,4900
FCFS,4900,3,synthetic_seed3.csv,81968.02,0.0044,0.9972,0.059779,4900
MINMIN,4900,3,synthetic_seed3.csv,82050.86,0.0075,0.9940,0.059719,4900
MCT,5000,3,synthetic_seed3.csv,83636.35,0.0021,0.9969,0.059783,5000
FCFS,5000,3,synthetic_seed3.csv,83709.92,0.0018,0.9967,0.059730,5000
MINMIN,5000,3,synthetic_seed3.csv,83923.58,0.0119,0.9915,0.059578,5000
MCT,5100,3,synthetic_seed3.csv,85237.20,0.0010,0.9978,0.059833,5100
FCFS,5100,3,synthetic_seed3.csv,85401.96,0.0041,0.9967,0.059718,5100
MINMIN,5100,3,synthetic_seed3.csv,85482.41,0.0017,0.9951,0.059661,5100
MCT,5200,3,synthetic_seed3.csv,86868.55,0.0047,0.9960,0.059861,5200
FCFS,5200,3,synthetic_seed3.csv,86912.86,0.0037,0.9970,0.059830,5200
MINMIN,5200,3,synthetic_seed3.csv,87051.78,0.0040,0.9937,0.059735,5200
MCT,5300,3,synthetic_seed3.csv,88571.84,0.0014,0.9977,0.059838,5300
FCFS,5300,3,synthetic_seed3.csv,88714.20,0.0036,0.9972,0.059742,5300
MINMIN,5300,3,synthetic_seed3.csv,88844.17,0.0065,0.9936,0.059655,5300
MCT,5400,3,synthetic_seed3.csv,90425.50,0.0011,0.9977,0.059718,5400
FCFS,5400,3,synthetic_seed3.csv,90592.20,0.0024,0.9965,0.059608,5400
MINMIN,5400,3,synthetic_seed3.csv,90718.14,0.0098,0.9929,0.059525,5400
MCT,5500,3,synthetic_seed3.csv,92143.22,0.0028,0.9967,0.059690,5500
FCFS,5500,3,synthetic_seed3.csv,92310.65,0.0008,0.9954,0.059581,5500
MINMIN,5500,3,synthetic_seed3.csv,92284.51,0.0021,0.9960,0.059598,5500
MCT,5600,3,synthetic_seed3.csv,93904.94,0.0016,0.9975,0.059635,5600
FCFS,5600,3,synthetic_seed3.csv,94066.97,0.0006,0.9961,0.059532,5600
MINMIN,5600,3,synthetic_seed3.csv,94126.09,0.0054,0.9943,0.059495,5600
MCT,5700,3,synthetic_seed3.csv,95684.36,0.0030,0.9972,0.059571,5700
FCFS,5700,3,synthetic_seed3.csv,96201.01,0.0090,0.9942,0.059251,5700
MINMIN,5700,3,synthetic_seed3.csv,95930.26,0.0063,0.9943,0.059418,5700
MCT,5800,3,synthetic_seed3.csv,97457.13,0.0014,0.9974,0.059513,5800
FCFS,5800,3,synthetic_seed3.csv,97589.61,0.0034,0.9970,0.059433,5800
MINMIN,5800,3,synthetic_seed3.csv,97823.10,0.0092,0.9920,0.059291,5800
MCT,5900,3,synthetic_seed3.csv,99233.63,0.0017,0.9973,0.059456,5900
FCFS,5900,3,synthetic_seed3.csv,99366.86,0.0011,0.9964,0.059376,5900
MINMIN,5900,3,synthetic_seed3.csv,99471.88,0.0017,0.9954,0.059313,5900
MCT,6000,3,synthetic_seed3.csv,100893.53,0.0020,0.9976,0.059469,6000
FCFS,6000,3,synthetic_seed3.csv,101092.08,0.0010,0.9961,0.059352,6000
MINMIN,6000,3,synthetic_seed3.csv,101209.26,0.0047,0.9936,0.059283,6000
MCT,6100,3,synthetic_seed3.csv,102336.95,0.0007,0.9977,0.059607,6100
FCFS,6100,3,synthetic_seed3.csv,102525.08,0.0008,0.9961,0.059498,6100
MINMIN,6100,3,synthetic_seed3.csv,102660.17,0.0054,0.9935,0.059419,6100
MCT,6200,3,synthetic_seed3.csv,104007.90,0.0014,0.9976,0.059611,6200
FCFS,6200,3,synthetic_seed3.csv,104222.65,0.0020,0.9960,0.059488,6200
MINMIN,6200,3,synthetic_seed3.csv,104347.08,0.0075,0.9931,0.059417,6200
MCT,6300,3,synthetic_seed3.csv,105612.32,0.0007,0.9978,0.059652,6300
FCFS,6300,3,synthetic_seed3.csv,105812.11,0.0014,0.9964,0.059539,6300
MINMIN,6300,3,synthetic_seed3.csv,105859.67,0.0024,0.9955,0.059513,6300
MCT,6400,3,synthetic_seed3.csv,107559.12,0.0023,0.9972,0.059502,6400
FCFS,6400,3,synthetic_seed3.csv,107739.09,0.0011,0.9960,0.059403,6400
MINMIN,6400,3,synthetic_seed3.csv,107752.91,0.0030,0.9955,0.059395,6400
MCT,6500,3,synthetic_seed3.csv,109209.51,0.0004,0.9980,0.059519,6500
FCFS,6500,3,synthetic_seed3.csv,109421.08,0.0020,0.9965,0.059404,6500
MINMIN,6500,3,synthetic_seed3.csv,109478.98,0.0067,0.9946,0.059372,6500
MCT,6600,3,synthetic_seed3.csv,110968.24,0.0004,0.9980,0.059476,6600
FCFS,6600,3,synthetic_seed3.csv,111328.93,0.0064,0.9959,0.059284,6600
MINMIN,6600,3,synthetic_seed3.csv,111271.58,0.0019,0.9952,0.059314,6600
MCT,6700,3,synthetic_seed3.csv,112751.37,0.0021,0.9974,0.059423,6700
FCFS,6700,3,synthetic_seed3.csv,112970.13,0.0037,0.9964,0.059308,6700
MINMIN,6700,3,synthetic_seed3.csv,113029.48,0.0012,0.9953,0.059277,6700
MCT,6800,3,synthetic_seed3.csv,114287.37,0.0006,0.9980,0.059499,6800
FCFS,6800,3,synthetic_seed3.csv,114495.09,0.0045,0.9971,0.059391,6800
MINMIN,6800,3,synthetic_seed3.csv,114516.15,0.0040,0.9956,0.059380,6800
MCT,6900,3,synthetic_seed3.csv,115909.53,0.0014,0.9974,0.059529,6900
FCFS,6900,3,synthetic_seed3.csv,116047.87,0.0039,0.9972,0.059458,6900
MINMIN,6900,3,synthetic_seed3.csv,116204.23,0.0055,0.9939,0.059378,6900
MCT,7000,3,synthetic_seed3.csv,117571.52,0.0007,0.9978,0.059538,7000
FCFS,7000,3,synthetic_seed3.csv,117823.00,0.0007,0.9959,0.059411,7000
MINMIN,7000,3,synthetic_seed3.csv,117924.00,0.0069,0.9936,0.059360,7000
MCT,7100,3,synthetic_seed3.csv,119130.89,0.0012,0.9977,0.059598,7100
FCFS,7100,3,synthetic_seed3.csv,119372.26,0.0004,0.9961,0.059478,7100
MINMIN,7100,3,synthetic_seed3.csv,119425.89,0.0028,0.9953,0.059451,7100
MCT,7200,3,synthetic_seed3.csv,120832.46,0.0010,0.9980,0.059587,7200
FCFS,7200,3,synthetic_seed3.csv,121059.23,0.0036,0.9970,0.059475,7200
MINMIN,7200,3,synthetic_seed3.csv,121152.85,0.0039,0.9947,0.059429,7200
MCT,7300,3,synthetic_seed3.csv,122388.82,0.0011,0.9979,0.059646,7300
FCFS,7300,3,synthetic_seed3.csv,122659.08,0.0014,0.9961,0.059515,7300
MINMIN,7300,3,synthetic_seed3.csv,122674.75,0.0044,0.9951,0.059507,7300
MCT,7400,3,synthetic_seed3.csv,124046.53,0.0012,0.9975,0.059655,7400
FCFS,7400,3,synthetic_seed3.csv,124242.80,0.0017,0.9963,0.059561,7400
MINMIN,7400,3,synthetic_seed3.csv,124333.77,0.0077,0.9940,0.059517,7400
MCT,7500,3,synthetic_seed3.csv,125531.45,0.0018,0.9977,0.059746,7500
FCFS,7500,3,synthetic_seed3.csv,125758.16,0.0028,0.9968,0.059638,7500
MINMIN,7500,3,synthetic_seed3.csv,125883.39,0.0014,0.9950,0.059579,7500
MCT,7600,3,synthetic_seed3.csv,127114.77,0.0008,0.9981,0.059788,7600
FCFS,7600,3,synthetic_seed3.csv,127379.65,0.0007,0.9962,0.059664,7600
MINMIN,7600,3,synthetic_seed3.csv,127490.17,0.0037,0.9943,0.059612,7600
MCT,7700,3,synthetic_seed3.csv,128804.59,0.0012,0.9976,0.059780,7700
FCFS,7700,3,synthetic_seed3.csv,129048.12,0.0034,0.9966,0.059668,7700
MINMIN,7700,3,synthetic_seed3.csv,129174.57,0.0054,0.9939,0.059609,7700
MCT,7800,3,synthetic_seed3.csv,130423.82,0.0008,0.9978,0.059805,7800
FCFS,7800,3,synthetic_seed3.csv,130650.07,0.0019,0.9966,0.059701,7800
MINMIN,7800,3,synthetic_seed3.csv,130807.16,0.0070,0.9937,0.059630,7800
MCT,7900,3,synthetic_seed3.csv,132107.04,0.0005,0.9979,0.059800,7900
FCFS,7900,3,synthetic_seed3.csv,132352.02,0.0007,0.9963,0.059689,7900
MINMIN,7900,3,synthetic_seed3.csv,132404.89,0.0018,0.9957,0.059665,7900
MCT,8000,3,synthetic_seed3.csv,133562.29,0.0016,0.9977,0.059897,8000
FCFS,8000,3,synthetic_seed3.csv,133861.32,0.0002,0.9957,0.059763,8000
MINMIN,8000,3,synthetic_seed3.csv,133850.34,0.0025,0.9954,0.059768,8000
MCT,8100,3,synthetic_seed3.csv,135438.09,0.0017,0.9975,0.059806,8100
FCFS,8100,3,synthetic_seed3.csv,135639.81,0.0010,0.9965,0.059717,8100
MINMIN,8100,3,synthetic_seed3.csv,135725.91,0.0042,0.9949,0.059679,8100
MCT,8200,3,synthetic_seed3.csv,136955.75,0.0007,0.9978,0.059873,8200
FCFS,8200,3,synthetic_seed3.csv,137208.06,0.0050,0.9970,0.059763,8200
MINMIN,8200,3,synthetic_seed3.csv,137329.12,0.0022,0.9951,0.059711,8200
MCT,8300,3,synthetic_seed3.csv,138872.80,0.0019,0.9973,0.059767,8300
FCFS,8300,3,synthetic_seed3.csv,139156.88,0.0056,0.9966,0.059645,8300
MINMIN,8300,3,synthetic_seed3.csv,139189.87,0.0072,0.9941,0.059631,8300
MCT,8400,3,synthetic_seed3.csv,140339.74,0.0015,0.9977,0.059855,8400
FCFS,8400,3,synthetic_seed3.csv,140609.60,0.0023,0.9964,0.059740,8400
MINMIN,8400,3,synthetic_seed3.csv,140613.22,0.0029,0.9956,0.059738,8400
MCT,8500,3,synthetic_seed3.csv,142132.21,0.0007,0.9981,0.059803,8500
FCFS,8500,3,synthetic_seed3.csv,142412.35,0.0015,0.9965,0.059686,8500
MINMIN,8500,3,synthetic_seed3.csv,142573.92,0.0055,0.9939,0.059618,8500
MCT,8600,3,synthetic_seed3.csv,143851.21,0.0011,0.9979,0.059784,8600
FCFS,8600,3,synthetic_seed3.csv,144096.44,0.0023,0.9969,0.059682,8600
MINMIN,8600,3,synthetic_seed3.csv,144150.28,0.0008,0.9962,0.059660,8600
MCT,8700,3,synthetic_seed3.csv,145593.95,0.0018,0.9976,0.059755,8700
FCFS,8700,3,synthetic_seed3.csv,145903.99,0.0006,0.9957,0.059628,8700
MINMIN,8700,3,synthetic_seed3.csv,146036.14,0.0026,0.9946,0.059574,8700
MCT,8800,3,synthetic_seed3.csv,147219.43,0.0000,0.9982,0.059775,8800
FCFS,8800,3,synthetic_seed3.csv,147520.96,0.0011,0.9964,0.059653,8800
MINMIN,8800,3,synthetic_seed3.csv,147579.73,0.0027,0.9952,0.059629,8800
MCT,8900,3,synthetic_seed3.csv,148910.22,0.0012,0.9979,0.059768,8900
FCFS,8900,3,synthetic_seed3.csv,149216.20,0.0018,0.9964,0.059645,8900
MINMIN,8900,3,synthetic_seed3.csv,149300.00,0.0035,0.9948,0.059612,8900
MCT,9000,3,synthetic_seed3.csv,150590.40,0.0009,0.9979,0.059765,9000
FCFS,9000,3,synthetic_seed3.csv,150897.26,0.0006,0.9961,0.059643,9000
MINMIN,9000,3,synthetic_seed3.csv,150981.32,0.0061,0.9945,0.059610,9000
MCT,9100,3,synthetic_seed3.csv,152236.93,0.0003,0.9982,0.059775,9100
FCFS,9100,3,synthetic_seed3.csv,152580.51,0.0010,0.9962,0.059641,9100
MINMIN,9100,3,synthetic_seed3.csv,152650.86,0.0007,0.9954,0.059613,9100
MCT,9200,3,synthetic_seed3.csv,154036.97,0.0012,0.9978,0.059726,9200
FCFS,9200,3,synthetic_seed3.csv,154322.83,0.0018,0.9963,0.059615,9200
MINMIN,9200,3,synthetic_seed3.csv,154342.60,0.0021,0.9958,0.059608,9200
MCT,9300,3,synthetic_seed3.csv,155743.47,0.0019,0.9974,0.059714,9300
FCFS,9300,3,synthetic_seed3.csv,155967.79,0.0023,0.9968,0.059628,9300
MINMIN,9300,3,synthetic_seed3.csv,156162.17,0.0042,0.9942,0.059553,9300
MCT,9400,3,synthetic_seed3.csv,157514.61,0.0006,0.9979,0.059677,9400
FCFS,9400,3,synthetic_seed3.csv,157851.59,0.0008,0.9959,0.059550,9400
MINMIN,9400,3,synthetic_seed3.csv,157973.15,0.0056,0.9941,0.059504,9400
MCT,9500,3,synthetic_seed3.csv,159467.57,0.0014,0.9977,0.059573,9500
FCFS,9500,3,synthetic_seed3.csv,159795.94,0.0005,0.9958,0.059451,9500
MINMIN,9500,3,synthetic_seed3.csv,159821.47,0.0024,0.9955,0.059441,9500
MCT,9600,3,synthetic_seed3.csv,161146.05,0.0010,0.9979,0.059573,9600
FCFS,9600,3,synthetic_seed3.csv,161436.07,0.0016,0.9967,0.059466,9600
MINMIN,9600,3,synthetic_seed3.csv,161541.98,0.0024,0.9951,0.059427,9600
MCT,9700,3,synthetic_seed3.csv,162665.54,0.0010,0.9979,0.059632,9700
FCFS,9700,3,synthetic_seed3.csv,162948.89,0.0017,0.9965,0.059528,9700
MINMIN,9700,3,synthetic_seed3.csv,163057.32,0.0031,0.9950,0.059488,9700
MCT,9800,3,synthetic_seed3.csv,164212.48,0.0009,0.9979,0.059679,9800
FCFS,9800,3,synthetic_seed3.csv,164540.98,0.0006,0.9961,0.059560,9800
MINMIN,9800,3,synthetic_seed3.csv,164653.48,0.0056,0.9943,0.059519,9800
MCT,9900,3,synthetic_seed3.csv,165789.66,0.0005,0.9980,0.059714,9900
FCFS,9900,3,synthetic_seed3.csv,166083.75,0.0037,0.9970,0.059608,9900
MINMIN,9900,3,synthetic_seed3.csv,166240.37,0.0009,0.9952,0.059552,9900
MCT,10000,3,synthetic_seed3.csv,167519.04,0.0008,0.9979,0.059695,10000
FCFS,10000,3,synthetic_seed3.csv,167867.08,0.0003,0.9961,0.059571,10000
MINMIN,10000,3,synthetic_seed3.csv,167872.02,0.0021,0.9957,0.059569,10000
