algorithm,n_tasks,makespan_mean,makespan_std,di_mean,util_mean,throughput_mean
MCT,100,1544.58,50.73,0.0490,0.9708,0.064790
MCT,200,3332.91,44.04,0.0698,0.9638,0.060015
MCT,300,4856.43,109.08,0.0326,0.9867,0.061795
MCT,400,6589.85,139.65,0.0358,0.9834,0.060717
MCT,500,8302.78,244.76,0.0156,0.9922,0.060257
MCT,600,10100.16,391.94,0.0110,0.9925,0.059465
MCT,700,11837.45,473.17,0.0165,0.9908,0.059199
MCT,800,13529.74,540.83,0.0088,0.9948,0.059194
MCT,900,15445.99,471.84,0.0138,0.9910,0.058304
MCT,1000,17057.17,522.36,0.0068,0.9942,0.058663
MCT,1100,18688.02,627.50,0.0077,0.9944,0.058906
MCT,1200,20487.93,515.67,0.0051,0.9954,0.058596
MCT,1300,22148.80,565.94,0.0124,0.9921,0.058720
MCT,1400,23807.25,577.78,0.0064,0.9951,0.058828
MCT,1500,25357.18,492.24,0.0042,0.9963,0.059170
MCT,1600,26954.37,428.10,0.0072,0.9942,0.059370
MCT,1700,28628.35,729.01,0.0054,0.9957,0.059407
MCT,1800,30124.49,707.50,0.0046,0.9957,0.059774
MCT,1900,31784.31,716.98,0.0050,0.9965,0.059798
MCT,2000,33440.36,835.90,0.0044,0.9963,0.059833
MCT,2100,35181.80,987.40,0.0062,0.9951,0.059721
MCT,2200,36923.69,775.58,0.0038,0.9962,0.059600
MCT,2300,38575.24,773.30,0.0045,0.9960,0.059640
MCT,2400,40314.06,594.35,0.0047,0.9963,0.059541
MCT,2500,41915.45,423.16,0.0042,0.9966,0.059648
MCT,2600,43671.76,384.69,0.0040,0.9964,0.059538
MCT,2700,45259.65,500.37,0.0039,0.9960,0.059661
MCT,2800,46908.69,548.15,0.0027,0.9969,0.059696
MCT,2900,48426.39,567.34,0.0022,0.9972,0.059890
MCT,3000,49962.59,563.62,0.0023,0.9972,0.060050
MCT,3100,51618.20,551.76,0.0026,0.9970,0.060061
MCT,3200,53581.43,628.37,0.0046,0.9962,0.059728
MCT,3300,55187.18,653.93,0.0026,0.9970,0.059802
MCT,3400,56737.18,463.72,0.0016,0.9973,0.059928
MCT,3500,58382.49,628.20,0.0030,0.9966,0.059954
MCT,3600,60044.66,724.29,0.0023,0.9970,0.059961
MCT,3700,61901.78,642.61,0.0034,0.9965,0.059776
MCT,3800,63471.17,631.82,0.0033,0.9970,0.059874
MCT,3900,65121.93,646.95,0.0025,0.9970,0.059891
MCT,4000,66828.32,570.38,0.0016,0.9976,0.059858
MCT,4100,68318.63,456.23,0.0024,0.9972,0.060014
MCT,4200,69905.91,462.66,0.0011,0.9977,0.060082
MCT,4300,71571.42,409.96,0.0024,0.9972,0.060081
MCT,4400,73358.73,228.02,0.0015,0.9976,0.059980
MCT,4500,74898.75,282.27,0.0023,0.9973,0.060082
MCT,4600,76617.30,543.52,0.0020,0.9971,0.060040
MCT,4700,78192.62,470.93,0.0020,0.9975,0.060109
MCT,4800,80146.44,463.11,0.0020,0.9971,0.059892
MCT,4900,81825.03,464.94,0.0013,0.9975,0.059885
MCT,5000,83613.06,457.13,0.0025,0.9970,0.059801
MCT,5100,85106.75,312.49,0.0011,0.9978,0.059925
MCT,5200,86947.17,329.48,0.0035,0.9965,0.059807
MCT,5300,88733.92,459.39,0.0013,0.9977,0.059730
MCT,5400,90384.82,441.00,0.0013,0.9977,0.059746
MCT,5500,91974.25,532.71,0.0014,0.9975,0.059801
MCT,5600,93694.55,436.70,0.0016,0.9976,0.059770
MCT,5700,95313.34,747.82,0.0018,0.9975,0.059805
MCT,5800,96983.44,835.26,0.0014,0.9976,0.059807
MCT,5900,98635.22,789.31,0.0019,0.9974,0.059819
MCT,6000,100289.91,761.46,0.0011,0.9978,0.059829
MCT,6100,101849.23,644.81,0.0008,0.9978,0.059894
MCT,6200,103399.68,709.26,0.0010,0.9978,0.059964
MCT,6300,105100.77,756.97,0.0009,0.9979,0.059945
MCT,6400,106886.54,780.99,0.0020,0.9973,0.059879
MCT,6500,108557.67,824.52,0.0010,0.9976,0.059879
MCT,6600,110306.96,870.37,0.0011,0.9978,0.059835
MCT,6700,111972.11,886.07,0.0019,0.9973,0.059839
MCT,6800,113678.87,768.43,0.0008,0.9980,0.059819
MCT,6900,115162.96,888.14,0.0012,0.9976,0.059917
MCT,7000,116754.94,948.71,0.0011,0.9976,0.059957
MCT,7100,118482.89,803.62,0.0014,0.9976,0.059926
MCT,7200,120146.64,912.97,0.0008,0.9979,0.059929
MCT,7300,121796.30,862.65,0.0006,0.9980,0.059938
MCT,7400,123374.32,993.25,0.0012,0.9976,0.059983
MCT,7500,124972.30,806.20,0.0017,0.9976,0.060015
MCT,7600,126465.37,870.03,0.0007,0.9979,0.060097
MCT,7700,128134.68,831.78,0.0012,0.9977,0.060095
MCT,7800,129740.64,759.03,0.0011,0.9978,0.060121
MCT,7900,131507.37,650.17,0.0013,0.9976,0.060074
MCT,8000,133190.41,427.61,0.0011,0.9978,0.060065
MCT,8100,134825.51,594.93,0.0009,0.9978,0.060078
MCT,8200,136403.26,581.12,0.0007,0.9977,0.060116
MCT,8300,138247.20,565.94,0.0011,0.9977,0.060038
MCT,8400,139956.95,331.51,0.0012,0.9977,0.060019
MCT,8500,141749.90,331.60,0.0012,0.9978,0.059965
MCT,8600,143406.52,388.92,0.0008,0.9979,0.059970
MCT,8700,145076.56,450.91,0.0009,0.9979,0.059969
MCT,8800,146833.89,334.26,0.0012,0.9977,0.059932
MCT,8900,148503.57,396.04,0.0013,0.9978,0.059932
MCT,9000,150111.26,472.85,0.0007,0.9980,0.059956
MCT,9100,151822.85,452.53,0.0009,0.9978,0.059939
MCT,9200,153453.92,652.45,0.0010,0.9978,0.059953
MCT,9300,155120.50,666.95,0.0010,0.9978,0.059954
MCT,9400,156898.22,633.60,0.0010,0.9979,0.059912
MCT,9500,158736.80,642.68,0.0012,0.9978,0.059848
MCT,9600,160401.73,652.35,0.0007,0.9980,0.059850
MCT,9700,162013.98,688.15,0.0008,0.9978,0.059872
MCT,9800,163619.47,616.39,0.0007,0.9979,0.059896
MCT,9900,165184.03,536.76,0.0009,0.9979,0.059934
MCT,10000,166681.08,739.05,0.0007,0.9980,0.059996
FCFS,100,1690.00,120.42,0.1320,0.9205,0.059374
FCFS,200,3423.86,105.94,0.0672,0.9635,0.058451
FCFS,300,4901.69,45.69,0.0240,0.9870,0.061207
FCFS,400,6935.35,300.88,0.0713,0.9559,0.057750
FCFS,500,8386.73,308.58,0.0198,0.9885,0.059673
FCFS,600,10321.45,565.88,0.0327,0.9798,0.058246
FCFS,700,11865.43,407.22,0.0113,0.9912,0.059042
FCFS,800,13708.52,709.88,0.0190,0.9873,0.058465
FCFS,900,15727.94,821.81,0.0265,0.9811,0.057327
FCFS,1000,17141.49,605.58,0.0127,0.9931,0.058386
FCFS,1100,18930.62,376.25,0.0204,0.9861,0.058122
FCFS,1200,20580.38,529.99,0.0113,0.9937,0.058334
FCFS,1300,22168.53,577.70,0.0061,0.9939,0.058669
FCFS,1400,23949.91,684.66,0.0124,0.9925,0.058487
FCFS,1500,25583.75,683.27,0.0133,0.9906,0.058659
FCFS,1600,27022.55,438.95,0.0089,0.9943,0.059220
FCFS,1700,28968.80,503.66,0.0176,0.9881,0.058695
FCFS,1800,30367.52,613.57,0.0127,0.9905,0.059290
FCFS,1900,32016.38,625.06,0.0127,0.9921,0.059360
FCFS,2000,33532.66,847.81,0.0067,0.9955,0.059668
FCFS,2100,35196.58,989.45,0.0040,0.9965,0.059696
FCFS,2200,37084.41,972.42,0.0078,0.9943,0.059351
FCFS,2300,38702.81,750.93,0.0076,0.9950,0.059442
FCFS,2400,40433.16,544.82,0.0063,0.9950,0.059364
FCFS,2500,41985.36,442.47,0.0043,0.9965,0.059549
FCFS,2600,43725.86,394.43,0.0035,0.9966,0.059465
FCFS,2700,45347.04,458.01,0.0040,0.9954,0.059545
FCFS,2800,47020.52,431.96,0.0048,0.9959,0.059552
FCFS,2900,48504.24,529.27,0.0033,0.9964,0.059793
FCFS,3000,50094.38,588.99,0.0038,0.9958,0.059893
FCFS,3100,51701.97,548.77,0.0042,0.9964,0.059964
FCFS,3200,53772.80,819.07,0.0068,0.9949,0.059519
FCFS,3300,55354.14,737.80,0.0068,0.9958,0.059623
FCFS,3400,56862.75,475.17,0.0036,0.9961,0.059796
FCFS,3500,58522.00,701.90,0.0043,0.9955,0.059812
FCFS,3600,60142.86,718.87,0.0020,0.9961,0.059863
FCFS,3700,62005.47,544.05,0.0045,0.9962,0.059675
FCFS,3800,63575.75,649.10,0.0050,0.9968,0.059775
FCFS,3900,65224.44,667.14,0.0043,0.9968,0.059798
FCFS,4000,67046.32,722.59,0.0042,0.9954,0.059665
FCFS,4100,68416.26,450.34,0.0036,0.9968,0.059929
FCFS,4200,70050.98,465.35,0.0014,0.9960,0.059958
FCFS,4300,71689.40,447.51,0.0015,0.9961,0.059982
FCFS,4400,73501.78,223.79,0.0020,0.9962,0.059863
FCFS,4500,75004.67,248.09,0.0020,0.9967,0.059997
FCFS,4600,76744.34,488.94,0.0013,0.9959,0.059941
FCFS,4700,78329.80,467.19,0.0032,0.9967,0.060004
FCFS,4800,80295.26,487.50,0.0033,0.9961,0.059781
FCFS,4900,82030.99,525.86,0.0045,0.9961,0.059735
FCFS,5000,83728.57,447.70,0.0040,0.9968,0.059718
FCFS,5100,85412.28,513.08,0.0063,0.9956,0.059712
FCFS,5200,87056.84,349.58,0.0026,0.9963,0.059732
FCFS,5300,88903.96,464.23,0.0019,0.9964,0.059616
FCFS,5400,90571.49,445.32,0.0020,0.9963,0.059623
FCFS,5500,92136.15,532.94,0.0022,0.9964,0.059695
FCFS,5600,93846.62,481.08,0.0029,0.9968,0.059673
FCFS,5700,95672.54,743.73,0.0061,0.9952,0.059581
FCFS,5800,97145.28,831.48,0.0025,0.9965,0.059708
FCFS,5900,98867.29,670.43,0.0033,0.9960,0.059678
FCFS,6000,100492.49,755.96,0.0018,0.9963,0.059708
FCFS,6100,102059.43,634.09,0.0009,0.9960,0.059771
FCFS,6200,103680.76,739.52,0.0048,0.9961,0.059801
FCFS,6300,105326.58,732.71,0.0012,0.9961,0.059816
FCFS,6400,107151.53,647.68,0.0034,0.9957,0.059730
FCFS,6500,108794.19,813.12,0.0010,0.9957,0.059748
FCFS,6600,110563.19,937.54,0.0037,0.9963,0.059697
FCFS,6700,112253.78,786.31,0.0039,0.9957,0.059688
FCFS,6800,113912.61,762.49,0.0025,0.9965,0.059697
FCFS,6900,115366.81,839.28,0.0017,0.9964,0.059811
FCFS,7000,117008.28,949.51,0.0014,0.9958,0.059827
FCFS,7100,118689.09,861.77,0.0015,0.9964,0.059822
FCFS,7200,120387.72,903.01,0.0031,0.9966,0.059809
FCFS,7300,122062.54,872.93,0.0014,0.9961,0.059807
FCFS,7400,123597.88,998.33,0.0027,0.9965,0.059874
FCFS,7500,125190.09,828.26,0.0025,0.9965,0.059911
FCFS,7600,126731.37,855.40,0.0011,0.9960,0.059971
FCFS,7700,128390.50,821.46,0.0023,0.9964,0.059975
FCFS,7800,130003.54,741.11,0.0025,0.9964,0.060000
FCFS,7900,131770.86,640.05,0.0015,0.9962,0.059953
FCFS,8000,133477.82,458.24,0.0008,0.9959,0.059935
FCFS,8100,135069.81,569.51,0.0014,0.9964,0.059970
FCFS,8200,136689.11,569.46,0.0022,0.9961,0.059991
FCFS,8300,138546.81,555.48,0.0024,0.9962,0.059908
FCFS,8400,140237.28,322.68,0.0019,0.9962,0.059899
FCFS,8500,142089.71,279.97,0.0032,0.9962,0.059822
FCFS,8600,143689.37,356.59,0.0012,0.9963,0.059852
FCFS,8700,145393.55,446.26,0.0009,0.9959,0.059838
FCFS,8800,147098.25,366.33,0.0011,0.9963,0.059825
FCFS,8900,148812.82,396.78,0.0014,0.9962,0.059807
FCFS,9000,150429.47,461.33,0.0014,0.9962,0.059829
FCFS,9100,152115.09,514.82,0.0015,0.9964,0.059824
FCFS,9200,153762.79,622.39,0.0016,0.9961,0.059833
FCFS,9300,155412.83,643.87,0.0024,0.9966,0.059842
FCFS,9400,157246.85,626.05,0.0009,0.9959,0.059779
FCFS,9500,159071.96,634.79,0.0009,0.9960,0.059722
FCFS,9600,160734.87,615.77,0.0011,0.9963,0.059726
FCFS,9700,162309.63,629.54,0.0016,0.9964,0.059763
FCFS,9800,163965.27,607.07,0.0009,0.9961,0.059769
FCFS,9900,165518.19,501.70,0.0017,0.9963,0.059812
FCFS,10000,167050.91,722.14,0.0005,0.9960,0.059863
MINMIN,100,1615.41,63.08,0.4954,0.8560,0.061966
MINMIN,200,3384.91,120.53,0.2244,0.9337,0.059135
MINMIN,300,4937.86,100.48,0.1501,0.9504,0.060772
MINMIN,400,6644.77,133.60,0.0636,0.9694,0.060214
MINMIN,500,8386.37,220.16,0.0808,0.9687,0.059648
MINMIN,600,10186.59,379.69,0.0872,0.9713,0.058956
MINMIN,700,11880.36,481.04,0.0195,0.9884,0.058987
MINMIN,800,13616.89,532.25,0.0316,0.9845,0.058812
MINMIN,900,15463.81,507.59,0.0364,0.9870,0.058243
MINMIN,1000,17106.38,566.93,0.0155,0.9920,0.058500
MINMIN,1100,18750.90,676.22,0.0088,0.9917,0.058715
MINMIN,1200,20579.85,522.46,0.0240,0.9869,0.058334
MINMIN,1300,22223.87,581.08,0.0309,0.9851,0.058523
MINMIN,1400,23917.77,585.30,0.0340,0.9854,0.058557
MINMIN,1500,25459.69,461.35,0.0118,0.9918,0.058930
MINMIN,1600,26991.25,437.20,0.0108,0.9923,0.059289
MINMIN,1700,28691.19,740.13,0.0251,0.9904,0.059278
MINMIN,1800,30223.80,744.09,0.0242,0.9900,0.059580
MINMIN,1900,31876.99,714.09,0.0038,0.9939,0.059624
MINMIN,2000,33561.72,837.53,0.0121,0.9913,0.059616
MINMIN,2100,35308.11,1030.21,0.0209,0.9884,0.059510
MINMIN,2200,37050.37,792.44,0.0186,0.9907,0.059396
MINMIN,2300,38641.87,803.29,0.0072,0.9952,0.059538
MINMIN,2400,40383.83,616.23,0.0071,0.9941,0.059439
MINMIN,2500,42012.85,454.53,0.0134,0.9928,0.059510
MINMIN,2600,43842.32,328.04,0.0195,0.9898,0.059305
MINMIN,2700,45365.89,518.97,0.0040,0.9941,0.059521
MINMIN,2800,47037.58,516.16,0.0080,0.9931,0.059532
MINMIN,2900,48618.31,548.55,0.0130,0.9910,0.059653
MINMIN,3000,50135.21,512.14,0.0125,0.9922,0.059842
MINMIN,3100,51762.95,584.90,0.0063,0.9938,0.059893
MINMIN,3200,53679.06,592.06,0.0077,0.9939,0.059618
MINMIN,3300,55311.79,671.15,0.0097,0.9935,0.059668
MINMIN,3400,56904.31,474.60,0.0132,0.9931,0.059752
MINMIN,3500,58521.01,640.33,0.0021,0.9947,0.059812
MINMIN,3600,60156.88,658.79,0.0065,0.9947,0.059848
MINMIN,3700,62072.75,670.17,0.0100,0.9923,0.059612
MINMIN,3800,63668.44,561.73,0.0103,0.9927,0.059688
MINMIN,3900,65269.40,632.45,0.0042,0.9948,0.059756
MINMIN,4000,66979.95,565.53,0.0050,0.9946,0.059722
MINMIN,4100,68474.80,477.40,0.0101,0.9937,0.059878
MINMIN,4200,70118.00,467.45,0.0078,0.9940,0.059901
MINMIN,4300,71773.77,427.78,0.0021,0.9944,0.059912
MINMIN,4400,73554.75,276.24,0.0047,0.9943,0.059820
MINMIN,4500,75152.09,267.67,0.0089,0.9925,0.059879
MINMIN,4600,76833.74,426.94,0.0088,0.9932,0.059871
MINMIN,4700,78406.94,463.31,0.0048,0.9946,0.059945
MINMIN,4800,80333.30,543.62,0.0046,0.9945,0.059753
MINMIN,4900,82027.12,408.99,0.0080,0.9940,0.059737
MINMIN,5000,83839.99,431.85,0.0085,0.9934,0.059639
MINMIN,5100,85362.78,301.17,0.0020,0.9949,0.059745
MINMIN,5200,87153.74,328.45,0.0038,0.9939,0.059665
MINMIN,5300,89014.07,465.23,0.0067,0.9934,0.059542
MINMIN,5400,90665.48,392.83,0.0097,0.9931,0.059560
MINMIN,5500,92162.87,505.45,0.0023,0.9957,0.059678
MINMIN,5600,93913.30,469.08,0.0049,0.9946,0.059631
MINMIN,5700,95549.01,739.37,0.0062,0.9943,0.059658
MINMIN,5800,97291.95,853.83,0.0053,0.9940,0.059618
MINMIN,5900,98875.99,792.70,0.0014,0.9952,0.059673
MINMIN,6000,100585.92,789.86,0.0043,0.9941,0.059653
MINMIN,6100,102177.80,642.09,0.0060,0.9934,0.059701
MINMIN,6200,103742.46,702.59,0.0076,0.9932,0.059765
MINMIN,6300,105395.79,681.03,0.0028,0.9949,0.059776
MINMIN,6400,107091.30,791.01,0.0034,0.9952,0.059764
MINMIN,6500,108816.98,827.54,0.0056,0.9945,0.059736
MINMIN,6600,110672.84,853.86,0.0063,0.9934,0.059638
MINMIN,6700,112249.21,877.00,0.0015,0.9950,0.059691
MINMIN,6800,113905.65,771.31,0.0033,0.9957,0.059700
MINMIN,6900,115493.32,880.54,0.0061,0.9936,0.059746
MINMIN,7000,117100.66,937.10,0.0076,0.9934,0.059780
MINMIN,7100,118799.65,766.97,0.0030,0.9948,0.059766
MINMIN,7200,120433.66,936.94,0.0031,0.9951,0.059786
MINMIN,7300,122108.08,850.23,0.0048,0.9947,0.059785
MINMIN,7400,123697.96,979.52,0.0077,0.9938,0.059826
MINMIN,7500,125271.06,813.58,0.0012,0.9954,0.059872
MINMIN,7600,126833.53,878.09,0.0035,0.9943,0.059923
MINMIN,7700,128530.98,805.91,0.0052,0.9938,0.059909
MINMIN,7800,130108.06,801.21,0.0048,0.9944,0.059952
MINMIN,7900,131800.56,671.00,0.0021,0.9956,0.059940
MINMIN,8000,133485.04,417.97,0.0028,0.9953,0.059932
MINMIN,8100,135153.09,562.13,0.0036,0.9948,0.059933
MINMIN,8200,136743.75,620.03,0.0035,0.9949,0.059967
MINMIN,8300,138599.95,535.43,0.0029,0.9949,0.059885
MINMIN,8400,140239.69,324.09,0.0029,0.9956,0.059898
MINMIN,8500,142172.18,348.22,0.0047,0.9940,0.059787
MINMIN,8600,143761.74,336.50,0.0040,0.9949,0.059822
MINMIN,8700,145456.06,504.09,0.0027,0.9951,0.059812
MINMIN,8800,147174.52,350.92,0.0023,0.9951,0.059793
MINMIN,8900,148892.76,387.00,0.0040,0.9947,0.059775
MINMIN,9000,150544.99,421.99,0.0063,0.9940,0.059783
MINMIN,9100,152179.13,536.97,0.0009,0.9956,0.059798
MINMIN,9200,153795.07,598.72,0.0022,0.9955,0.059821
MINMIN,9300,155563.00,663.17,0.0044,0.9942,0.059783
MINMIN,9400,157287.41,695.69,0.0038,0.9950,0.059764
MINMIN,9500,159098.74,631.73,0.0024,0.9955,0.059712
MINMIN,9600,160805.90,646.81,0.0025,0.9950,0.059700
MINMIN,9700,162389.23,675.41,0.0030,0.9951,0.059734
MINMIN,9800,164056.09,607.56,0.0044,0.9947,0.059736
MINMIN,9900,165636.43,538.31,0.0012,0.9951,0.059770
MINMIN,10000,167077.65,722.60,0.0024,0.9953,0.059853
